Date,High,Low,City
10-01-2019,89,67,pittsburgh
10-02-2019,86,69,pittsburgh
10-03-2019,89,65,pittsburgh
10-04-2019,65,43,pittsburgh
10-05-2019,69,58,pittsburgh
10-06-2019,73,55,pittsburgh
10-07-2019,59,47,pittsburgh
10-08-2019,66,44,pittsburgh
10-09-2019,70,48,pittsburgh
10-10-2019,70,48,pittsburgh
10-11-2019,72,45,pittsburgh
10-12-2019,63,42,pittsburgh
10-13-2019,61,43,pittsburgh
10-14-2019,64,46,pittsburgh
10-15-2019,66,48,pittsburgh
10-16-2019,67,50,pittsburgh
10-17-2019,68,52,pittsburgh
10-18-2019,70,51,pittsburgh
10-19-2019,54,34,pittsburgh
10-20-2019,55,43,pittsburgh
10-21-2019,69,48,pittsburgh
10-22-2019,66,46,pittsburgh
10-23-2019,67,46,pittsburgh
10-24-2019,65,44,pittsburgh
10-25-2019,63,40,pittsburgh
10-26-2019,58,38,pittsburgh
10-27-2019,56,42,pittsburgh
10-28-2019,56,44,pittsburgh
10-29-2019,57,42,pittsburgh
10-30-2019,56,46,pittsburgh
10-31-2019,65,48,pittsburgh
11-01-2019,65,47,pittsburgh
11-02-2019,64,39,pittsburgh
11-03-2019,53,30,pittsburgh
11-04-2019,47,34,pittsburgh
11-05-2019,51,35,pittsburgh
11-06-2019,51,44,pittsburgh
11-07-2019,58,46,pittsburgh
11-08-2019,59,36,pittsburgh
11-09-2019,58,41,pittsburgh
11-10-2019,56,39,pittsburgh
11-11-2019,59,42,pittsburgh
11-12-2019,62,48,pittsburgh
11-13-2019,64,38,pittsburgh
11-14-2019,61,34,pittsburgh
11-15-2019,57,30,pittsburgh
11-16-2019,44,28,pittsburgh
11-17-2019,43,34,pittsburgh
11-18-2019,47,32,pittsburgh
11-19-2019,45,27,pittsburgh
11-20-2019,44,32,pittsburgh
11-21-2019,50,38,pittsburgh
11-22-2019,53,41,pittsburgh
11-23-2019,55,40,pittsburgh
11-24-2019,55,37,pittsburgh
11-25-2019,57,33,pittsburgh
11-26-2019,56,36,pittsburgh
11-27-2019,51,39,pittsburgh
11-28-2019,54,39,pittsburgh
11-29-2019,56,26,pittsburgh
11-30-2019,55,23,pittsburgh
12-01-2019,40,22,pittsburgh
12-02-2019,35,22,pittsburgh
12-03-2019,36,23,pittsburgh
12-04-2019,38,31,pittsburgh
12-05-2019,43,30,pittsburgh
12-06-2019,52,26,pittsburgh
12-07-2019,52,28,pittsburgh
12-08-2019,37,23,pittsburgh
12-09-2019,38,25,pittsburgh
12-10-2019,37,32,pittsburgh
12-11-2019,41,25,pittsburgh
12-12-2019,48,25,pittsburgh
12-13-2019,35,32,pittsburgh
12-14-2019,40,34,pittsburgh
12-15-2019,47,37,pittsburgh
12-16-2019,49,37,pittsburgh
12-17-2019,52,34,pittsburgh
12-18-2019,50,31,pittsburgh
12-19-2019,50,17,pittsburgh
12-20-2019,41,13,pittsburgh
12-21-2019,31,14,pittsburgh
12-22-2019,29,20,pittsburgh
12-23-2019,32,23,pittsburgh
12-24-2019,38,25,pittsburgh
12-25-2019,42,25,pittsburgh
12-26-2019,44,28,pittsburgh
12-27-2019,46,31,pittsburgh
12-28-2019,46,30,pittsburgh
12-29-2019,45,28,pittsburgh
12-30-2019,38,27,pittsburgh
12-31-2019,40,23,pittsburgh
10-01-2019,94,76,arlington
10-02-2019,95,74,arlington
10-03-2019,95,74,arlington
10-04-2019,95,73,arlington
10-05-2019,93,74,arlington
10-06-2019,94,59,arlington
10-07-2019,73,54,arlington
10-08-2019,78,58,arlington
10-09-2019,85,70,arlington
10-10-2019,83,47,arlington
10-11-2019,67,51,arlington
10-12-2019,70,52,arlington
10-13-2019,75,56,arlington
10-14-2019,81,61,arlington
10-15-2019,82,62,arlington
10-16-2019,81,62,arlington
10-17-2019,82,63,arlington
10-18-2019,81,63,arlington
10-19-2019,71,55,arlington
10-20-2019,71,58,arlington
10-21-2019,80,61,arlington
10-22-2019,79,60,arlington
10-23-2019,79,57,arlington
10-24-2019,73,54,arlington
10-25-2019,71,51,arlington
10-26-2019,77,56,arlington
10-27-2019,77,58,arlington
10-28-2019,76,60,arlington
10-29-2019,77,59,arlington
10-30-2019,79,58,arlington
10-31-2019,78,54,arlington
11-01-2019,63,53,arlington
11-02-2019,66,56,arlington
11-03-2019,66,44,arlington
11-04-2019,67,48,arlington
11-05-2019,70,56,arlington
11-06-2019,66,56,arlington
11-07-2019,69,55,arlington
11-08-2019,69,54,arlington
11-09-2019,66,51,arlington
11-10-2019,70,51,arlington
11-11-2019,71,52,arlington
11-12-2019,62,55,arlington
11-13-2019,73,44,arlington
11-14-2019,72,41,arlington
11-15-2019,63,40,arlington
11-16-2019,59,45,arlington
11-17-2019,62,52,arlington
11-18-2019,62,45,arlington
11-19-2019,59,45,arlington
11-20-2019,60,45,arlington
11-21-2019,64,46,arlington
11-22-2019,65,47,arlington
11-23-2019,64,43,arlington
11-24-2019,65,36,arlington
11-25-2019,60,48,arlington
11-26-2019,62,51,arlington
11-27-2019,67,35,arlington
11-28-2019,69,31,arlington
11-29-2019,55,31,arlington
11-30-2019,51,32,arlington
12-01-2019,51,37,arlington
12-02-2019,53,39,arlington
12-03-2019,50,38,arlington
12-04-2019,55,32,arlington
12-05-2019,52,37,arlington
12-06-2019,56,37,arlington
12-07-2019,62,39,arlington
12-08-2019,56,41,arlington
12-09-2019,53,36,arlington
12-10-2019,61,30,arlington
12-11-2019,58,31,arlington
12-12-2019,50,41,arlington
12-13-2019,56,45,arlington
12-14-2019,63,48,arlington
12-15-2019,66,47,arlington
12-16-2019,68,37,arlington
12-17-2019,67,27,arlington
12-18-2019,61,26,arlington
12-19-2019,45,26,arlington
12-20-2019,44,24,arlington
12-21-2019,45,25,arlington
12-22-2019,45,26,arlington
12-23-2019,47,29,arlington
12-24-2019,49,34,arlington
12-25-2019,46,43,arlington
12-26-2019,59,35,arlington
12-27-2019,63,28,arlington
12-28-2019,61,29,arlington
12-29-2019,48,32,arlington
12-30-2019,49,28,arlington
12-31-2019,46,27,arlington
10-01-2019,89,74,cleveland
10-02-2019,81,63,cleveland
10-03-2019,75,62,cleveland
10-04-2019,67,62,cleveland
10-05-2019,72,56,cleveland
10-06-2019,64,53,cleveland
10-07-2019,65,51,cleveland
10-08-2019,70,54,cleveland
10-09-2019,71,56,cleveland
10-10-2019,70,51,cleveland
10-11-2019,59,49,cleveland
10-12-2019,59,50,cleveland
10-13-2019,61,51,cleveland
10-14-2019,63,53,cleveland
10-15-2019,64,53,cleveland
10-16-2019,65,54,cleveland
10-17-2019,68,52,cleveland
10-18-2019,53,40,cleveland
10-19-2019,54,47,cleveland
10-20-2019,68,53,cleveland
10-21-2019,65,53,cleveland
10-22-2019,66,50,cleveland
10-23-2019,62,48,cleveland
10-24-2019,58,47,cleveland
10-25-2019,56,46,cleveland
10-26-2019,58,46,cleveland
10-27-2019,54,48,cleveland
10-28-2019,55,49,cleveland
10-29-2019,57,51,cleveland
10-30-2019,63,52,cleveland
10-31-2019,63,51,cleveland
11-01-2019,63,51,cleveland
11-02-2019,62,43,cleveland
11-03-2019,50,35,cleveland
11-04-2019,45,36,cleveland
11-05-2019,47,43,cleveland
11-06-2019,50,48,cleveland
11-07-2019,55,46,cleveland
11-08-2019,59,40,cleveland
11-09-2019,56,49,cleveland
11-10-2019,56,47,cleveland
11-11-2019,59,49,cleveland
11-12-2019,60,50,cleveland
11-13-2019,60,43,cleveland
11-14-2019,59,36,cleveland
11-15-2019,50,34,cleveland
11-16-2019,43,36,cleveland
11-17-2019,43,43,cleveland
11-18-2019,51,35,cleveland
11-19-2019,49,33,cleveland
11-20-2019,44,39,cleveland
11-21-2019,49,42,cleveland
11-22-2019,51,43,cleveland
11-23-2019,52,42,cleveland
11-24-2019,52,38,cleveland
11-25-2019,51,40,cleveland
11-26-2019,55,43,cleveland
11-27-2019,50,43,cleveland
11-28-2019,52,40,cleveland
11-29-2019,55,34,cleveland
11-30-2019,53,29,cleveland
12-01-2019,39,31,cleveland
12-02-2019,36,29,cleveland
12-03-2019,38,30,cleveland
12-04-2019,38,37,cleveland
12-05-2019,42,37,cleveland
12-06-2019,47,32,cleveland
12-07-2019,48,32,cleveland
12-08-2019,38,31,cleveland
12-09-2019,38,34,cleveland
12-10-2019,40,35,cleveland
12-11-2019,46,32,cleveland
12-12-2019,47,31,cleveland
12-13-2019,36,36,cleveland
12-14-2019,42,37,cleveland
12-15-2019,46,40,cleveland
12-16-2019,48,40,cleveland
12-17-2019,50,34,cleveland
12-18-2019,49,29,cleveland
12-19-2019,45,17,cleveland
12-20-2019,35,17,cleveland
12-21-2019,29,19,cleveland
12-22-2019,28,23,cleveland
12-23-2019,31,29,cleveland
12-24-2019,39,31,cleveland
12-25-2019,42,32,cleveland
12-26-2019,43,33,cleveland
12-27-2019,43,34,cleveland
12-28-2019,42,32,cleveland
12-29-2019,45,31,cleveland
12-30-2019,41,29,cleveland
12-31-2019,40,23,cleveland
10-01-2019,98,70,nashville
10-02-2019,99,68,nashville
10-03-2019,99,65,nashville
10-04-2019,85,66,nashville
10-05-2019,91,68,nashville
10-06-2019,83,59,nashville
10-07-2019,64,51,nashville
10-08-2019,74,53,nashville
10-09-2019,81,62,nashville
10-10-2019,81,62,nashville
10-11-2019,74,46,nashville
10-12-2019,67,42,nashville
10-13-2019,72,44,nashville
10-14-2019,74,47,nashville
10-15-2019,76,50,nashville
10-16-2019,77,51,nashville
10-17-2019,78,53,nashville
10-18-2019,77,51,nashville
10-19-2019,66,36,nashville
10-20-2019,66,45,nashville
10-21-2019,76,51,nashville
10-22-2019,75,50,nashville
10-23-2019,75,49,nashville
10-24-2019,72,47,nashville
10-25-2019,67,43,nashville
10-26-2019,65,44,nashville
10-27-2019,71,42,nashville
10-28-2019,65,41,nashville
10-29-2019,65,47,nashville
10-30-2019,69,48,nashville
10-31-2019,72,49,nashville
11-01-2019,71,48,nashville
11-02-2019,70,41,nashville
11-03-2019,61,31,nashville
11-04-2019,55,32,nashville
11-05-2019,59,39,nashville
11-06-2019,62,46,nashville
11-07-2019,69,47,nashville
11-08-2019,67,38,nashville
11-09-2019,68,36,nashville
11-10-2019,65,39,nashville
11-11-2019,68,44,nashville
11-12-2019,69,49,nashville
11-13-2019,69,40,nashville
11-14-2019,69,35,nashville
11-15-2019,64,28,nashville
11-16-2019,52,31,nashville
11-17-2019,53,39,nashville
11-18-2019,58,33,nashville
11-19-2019,56,33,nashville
11-20-2019,57,38,nashville
11-21-2019,58,40,nashville
11-22-2019,58,41,nashville
11-23-2019,59,40,nashville
11-24-2019,61,32,nashville
11-25-2019,59,32,nashville
11-26-2019,53,40,nashville
11-27-2019,60,43,nashville
11-28-2019,64,29,nashville
11-29-2019,64,25,nashville
11-30-2019,52,22,nashville
12-01-2019,44,22,nashville
12-02-2019,43,23,nashville
12-03-2019,44,27,nashville
12-04-2019,47,28,nashville
12-05-2019,45,24,nashville
12-06-2019,44,24,nashville
12-07-2019,42,25,nashville
12-08-2019,45,29,nashville
12-09-2019,45,36,nashville
12-10-2019,51,33,nashville
12-11-2019,55,24,nashville
12-12-2019,55,25,nashville
12-13-2019,44,36,nashville
12-14-2019,48,38,nashville
12-15-2019,57,39,nashville
12-16-2019,57,40,nashville
12-17-2019,59,33,nashville
12-18-2019,61,26,nashville
12-19-2019,57,20,nashville
12-20-2019,41,16,nashville
12-21-2019,38,16,nashville
12-22-2019,37,18,nashville
12-23-2019,38,21,nashville
12-24-2019,42,24,nashville
12-25-2019,49,33,nashville
12-26-2019,52,36,nashville
12-27-2019,55,33,nashville
12-28-2019,57,25,nashville
12-29-2019,56,26,nashville
12-30-2019,45,28,nashville
12-31-2019,46,24,nashville
10-01-2019,72,57,boston
10-02-2019,79,54,boston
10-03-2019,55,51,boston
10-04-2019,62,48,boston
10-05-2019,59,46,boston
10-06-2019,68,63,boston
10-07-2019,75,57,boston
10-08-2019,68,50,boston
10-09-2019,62,47,boston
10-10-2019,61,47,boston
10-11-2019,64,51,boston
10-12-2019,64,51,boston
10-13-2019,62,47,boston
10-14-2019,61,48,boston
10-15-2019,62,47,boston
10-16-2019,62,48,boston
10-17-2019,61,49,boston
10-18-2019,64,51,boston
10-19-2019,58,39,boston
10-20-2019,57,46,boston
10-21-2019,64,50,boston
10-22-2019,64,49,boston
10-23-2019,61,44,boston
10-24-2019,58,45,boston
10-25-2019,58,46,boston
10-26-2019,58,44,boston
10-27-2019,57,43,boston
10-28-2019,57,48,boston
10-29-2019,61,47,boston
10-30-2019,59,48,boston
10-31-2019,60,48,boston
11-01-2019,58,47,boston
11-02-2019,59,46,boston
11-03-2019,56,34,boston
11-04-2019,50,41,boston
11-05-2019,53,40,boston
11-06-2019,53,43,boston
11-07-2019,54,42,boston
11-08-2019,56,42,boston
11-09-2019,60,40,boston
11-10-2019,53,40,boston
11-11-2019,57,44,boston
11-12-2019,54,48,boston
11-13-2019,60,48,boston
11-14-2019,61,38,boston
11-15-2019,57,32,boston
11-16-2019,50,32,boston
11-17-2019,44,33,boston
11-18-2019,45,37,boston
11-19-2019,49,35,boston
11-20-2019,47,33,boston
11-21-2019,44,35,boston
11-22-2019,47,41,boston
11-23-2019,53,42,boston
11-24-2019,54,43,boston
11-25-2019,55,41,boston
11-26-2019,55,40,boston
11-27-2019,54,40,boston
11-28-2019,52,39,boston
11-29-2019,52,41,boston
11-30-2019,55,35,boston
12-01-2019,55,32,boston
12-02-2019,45,32,boston
12-03-2019,42,30,boston
12-04-2019,41,32,boston
12-05-2019,47,39,boston
12-06-2019,51,36,boston
12-07-2019,53,34,boston
12-08-2019,45,32,boston
12-09-2019,44,29,boston
12-10-2019,40,32,boston
12-11-2019,42,35,boston
12-12-2019,48,31,boston
12-13-2019,46,30,boston
12-14-2019,38,33,boston
12-15-2019,44,33,boston
12-16-2019,45,36,boston
12-17-2019,47,36,boston
12-18-2019,48,34,boston
12-19-2019,49,24,boston
12-20-2019,47,18,boston
12-21-2019,41,20,boston
12-22-2019,30,28,boston
12-23-2019,34,30,boston
12-24-2019,39,30,boston
12-25-2019,40,31,boston
12-26-2019,41,31,boston
12-27-2019,42,30,boston
12-28-2019,43,31,boston
12-29-2019,45,29,boston
12-30-2019,44,27,boston
12-31-2019,41,28,boston
10-01-2019,89,69,baltimore
10-02-2019,95,73,baltimore
10-03-2019,82,70,baltimore
10-04-2019,76,54,baltimore
10-05-2019,68,60,baltimore
10-06-2019,76,65,baltimore
10-07-2019,79,58,baltimore
10-08-2019,73,53,baltimore
10-09-2019,71,54,baltimore
10-10-2019,70,55,baltimore
10-11-2019,73,56,baltimore
10-12-2019,71,53,baltimore
10-13-2019,67,52,baltimore
10-14-2019,68,54,baltimore
10-15-2019,70,53,baltimore
10-16-2019,71,56,baltimore
10-17-2019,72,57,baltimore
10-18-2019,73,58,baltimore
10-19-2019,61,42,baltimore
10-20-2019,61,50,baltimore
10-21-2019,72,57,baltimore
10-22-2019,72,55,baltimore
10-23-2019,70,52,baltimore
10-24-2019,67,53,baltimore
10-25-2019,67,51,baltimore
10-26-2019,62,50,baltimore
10-27-2019,61,51,baltimore
10-28-2019,66,52,baltimore
10-29-2019,62,50,baltimore
10-30-2019,61,54,baltimore
10-31-2019,68,54,baltimore
11-01-2019,69,56,baltimore
11-02-2019,69,53,baltimore
11-03-2019,56,38,baltimore
11-04-2019,54,43,baltimore
11-05-2019,57,42,baltimore
11-06-2019,57,53,baltimore
11-07-2019,63,55,baltimore
11-08-2019,65,46,baltimore
11-09-2019,64,47,baltimore
11-10-2019,59,45,baltimore
11-11-2019,64,47,baltimore
11-12-2019,64,54,baltimore
11-13-2019,68,53,baltimore
11-14-2019,68,44,baltimore
11-15-2019,63,38,baltimore
11-16-2019,51,36,baltimore
11-17-2019,49,40,baltimore
11-18-2019,51,44,baltimore
11-19-2019,53,38,baltimore
11-20-2019,54,37,baltimore
11-21-2019,52,41,baltimore
11-22-2019,55,49,baltimore
11-23-2019,58,49,baltimore
11-24-2019,62,48,baltimore
11-25-2019,63,41,baltimore
11-26-2019,61,40,baltimore
11-27-2019,54,46,baltimore
11-28-2019,58,48,baltimore
11-29-2019,59,39,baltimore
11-30-2019,59,32,baltimore
12-01-2019,58,31,baltimore
12-02-2019,43,31,baltimore
12-03-2019,42,30,baltimore
12-04-2019,44,35,baltimore
12-05-2019,47,40,baltimore
12-06-2019,57,34,baltimore
12-07-2019,57,37,baltimore
12-08-2019,44,32,baltimore
12-09-2019,45,31,baltimore
12-10-2019,44,40,baltimore
12-11-2019,47,35,baltimore
12-12-2019,54,32,baltimore
12-13-2019,47,36,baltimore
12-14-2019,43,39,baltimore
12-15-2019,51,41,baltimore
12-16-2019,53,41,baltimore
12-17-2019,55,43,baltimore
12-18-2019,54,39,baltimore
12-19-2019,55,28,baltimore
12-20-2019,52,21,baltimore
12-21-2019,39,23,baltimore
12-22-2019,34,30,baltimore
12-23-2019,36,30,baltimore
12-24-2019,41,32,baltimore
12-25-2019,43,34,baltimore
12-26-2019,44,36,baltimore
12-27-2019,48,36,baltimore
12-28-2019,50,35,baltimore
12-29-2019,50,33,baltimore
12-30-2019,48,35,baltimore
12-31-2019,46,31,baltimore
10-01-2019,88,72,chicago
10-02-2019,81,60,chicago
10-03-2019,70,51,chicago
10-04-2019,64,53,chicago
10-05-2019,66,50,chicago
10-06-2019,63,46,chicago
10-07-2019,65,50,chicago
10-08-2019,68,59,chicago
10-09-2019,72,49,chicago
10-10-2019,58,42,chicago
10-11-2019,53,46,chicago
10-12-2019,57,48,chicago
10-13-2019,58,51,chicago
10-14-2019,61,54,chicago
10-15-2019,62,56,chicago
10-16-2019,63,55,chicago
10-17-2019,67,54,chicago
10-18-2019,55,41,chicago
10-19-2019,56,48,chicago
10-20-2019,66,51,chicago
10-21-2019,66,53,chicago
10-22-2019,67,50,chicago
10-23-2019,63,47,chicago
10-24-2019,55,46,chicago
10-25-2019,56,47,chicago
10-26-2019,61,48,chicago
10-27-2019,55,50,chicago
10-28-2019,57,50,chicago
10-29-2019,58,51,chicago
10-30-2019,63,50,chicago
10-31-2019,60,50,chicago
11-01-2019,60,50,chicago
11-02-2019,58,43,chicago
11-03-2019,50,35,chicago
11-04-2019,47,36,chicago
11-05-2019,48,47,chicago
11-06-2019,53,48,chicago
11-07-2019,58,42,chicago
11-08-2019,57,40,chicago
11-09-2019,53,46,chicago
11-10-2019,58,46,chicago
11-11-2019,57,47,chicago
11-12-2019,58,45,chicago
11-13-2019,58,39,chicago
11-14-2019,57,33,chicago
11-15-2019,45,32,chicago
11-16-2019,43,38,chicago
11-17-2019,47,43,chicago
11-18-2019,49,31,chicago
11-19-2019,46,35,chicago
11-20-2019,46,37,chicago
11-21-2019,47,38,chicago
11-22-2019,48,38,chicago
11-23-2019,48,36,chicago
11-24-2019,48,33,chicago
11-25-2019,47,37,chicago
11-26-2019,44,39,chicago
11-27-2019,47,39,chicago
11-28-2019,47,31,chicago
11-29-2019,50,27,chicago
11-30-2019,39,24,chicago
12-01-2019,34,23,chicago
12-02-2019,33,24,chicago
12-03-2019,35,32,chicago
12-04-2019,39,31,chicago
12-05-2019,40,30,chicago
12-06-2019,37,29,chicago
12-07-2019,38,28,chicago
12-08-2019,37,25,chicago
12-09-2019,35,32,chicago
12-10-2019,37,28,chicago
12-11-2019,41,27,chicago
12-12-2019,39,30,chicago
12-13-2019,35,32,chicago
12-14-2019,40,33,chicago
12-15-2019,43,36,chicago
12-16-2019,46,31,chicago
12-17-2019,47,22,chicago
12-18-2019,45,18,chicago
12-19-2019,31,12,chicago
12-20-2019,29,15,chicago
12-21-2019,23,18,chicago
12-22-2019,27,26,chicago
12-23-2019,32,29,chicago
12-24-2019,40,29,chicago
12-25-2019,41,30,chicago
12-26-2019,40,30,chicago
12-27-2019,40,29,chicago
12-28-2019,39,28,chicago
12-29-2019,40,27,chicago
12-30-2019,36,23,chicago
12-31-2019,34,15,chicago
10-01-2019,92,72,charlotte
10-02-2019,99,71,charlotte
10-03-2019,98,68,charlotte
10-04-2019,97,65,charlotte
10-05-2019,69,60,charlotte
10-06-2019,80,62,charlotte
10-07-2019,83,63,charlotte
10-08-2019,69,54,charlotte
10-09-2019,75,55,charlotte
10-10-2019,75,53,charlotte
10-11-2019,79,54,charlotte
10-12-2019,78,50,charlotte
10-13-2019,75,50,charlotte
10-14-2019,77,51,charlotte
10-15-2019,79,53,charlotte
10-16-2019,78,54,charlotte
10-17-2019,79,55,charlotte
10-18-2019,75,54,charlotte
10-19-2019,70,40,charlotte
10-20-2019,68,48,charlotte
10-21-2019,75,54,charlotte
10-22-2019,76,53,charlotte
10-23-2019,75,50,charlotte
10-24-2019,70,50,charlotte
10-25-2019,71,48,charlotte
10-26-2019,68,45,charlotte
10-27-2019,66,47,charlotte
10-28-2019,70,48,charlotte
10-29-2019,65,47,charlotte
10-30-2019,62,50,charlotte
10-31-2019,73,52,charlotte
11-01-2019,72,52,charlotte
11-02-2019,73,51,charlotte
11-03-2019,61,34,charlotte
11-04-2019,58,38,charlotte
11-05-2019,62,38,charlotte
11-06-2019,64,42,charlotte
11-07-2019,65,49,charlotte
11-08-2019,72,43,charlotte
11-09-2019,72,40,charlotte
11-10-2019,65,43,charlotte
11-11-2019,71,40,charlotte
11-12-2019,68,51,charlotte
11-13-2019,72,50,charlotte
11-14-2019,72,40,charlotte
11-15-2019,68,35,charlotte
11-16-2019,56,33,charlotte
11-17-2019,56,35,charlotte
11-18-2019,57,37,charlotte
11-19-2019,59,37,charlotte
11-20-2019,59,34,charlotte
11-21-2019,57,40,charlotte
11-22-2019,60,45,charlotte
11-23-2019,66,44,charlotte
11-24-2019,67,45,charlotte
11-25-2019,66,38,charlotte
11-26-2019,65,40,charlotte
11-27-2019,61,44,charlotte
11-28-2019,64,46,charlotte
11-29-2019,66,36,charlotte
11-30-2019,64,29,charlotte
12-01-2019,59,27,charlotte
12-02-2019,49,26,charlotte
12-03-2019,48,28,charlotte
12-04-2019,49,35,charlotte
12-05-2019,51,31,charlotte
12-06-2019,61,28,charlotte
12-07-2019,49,36,charlotte
12-08-2019,51,33,charlotte
12-09-2019,56,32,charlotte
12-10-2019,52,39,charlotte
12-11-2019,50,35,charlotte
12-12-2019,61,27,charlotte
12-13-2019,52,34,charlotte
12-14-2019,51,39,charlotte
12-15-2019,58,39,charlotte
12-16-2019,61,41,charlotte
12-17-2019,61,43,charlotte
12-18-2019,60,42,charlotte
12-19-2019,62,30,charlotte
12-20-2019,61,21,charlotte
12-21-2019,52,21,charlotte
12-22-2019,41,27,charlotte
12-23-2019,43,24,charlotte
12-24-2019,43,25,charlotte
12-25-2019,44,27,charlotte
12-26-2019,44,29,charlotte
12-27-2019,45,34,charlotte
12-28-2019,45,32,charlotte
12-29-2019,48,30,charlotte
12-30-2019,45,34,charlotte
12-31-2019,47,35,charlotte
10-01-2019,88,76,jacksonville
10-02-2019,89,76,jacksonville
10-03-2019,88,75,jacksonville
10-04-2019,88,76,jacksonville
10-05-2019,86,73,jacksonville
10-06-2019,87,70,jacksonville
10-07-2019,86,74,jacksonville
10-08-2019,83,73,jacksonville
10-09-2019,84,70,jacksonville
10-10-2019,84,68,jacksonville
10-11-2019,84,64,jacksonville
10-12-2019,80,64,jacksonville
10-13-2019,83,67,jacksonville
10-14-2019,82,66,jacksonville
10-15-2019,83,68,jacksonville
10-16-2019,84,67,jacksonville
10-17-2019,78,66,jacksonville
10-18-2019,81,63,jacksonville
10-19-2019,79,64,jacksonville
10-20-2019,79,66,jacksonville
10-21-2019,81,65,jacksonville
10-22-2019,81,65,jacksonville
10-23-2019,79,64,jacksonville
10-24-2019,80,64,jacksonville
10-25-2019,78,61,jacksonville
10-26-2019,74,60,jacksonville
10-27-2019,75,61,jacksonville
10-28-2019,78,63,jacksonville
10-29-2019,73,62,jacksonville
10-30-2019,80,62,jacksonville
10-31-2019,79,63,jacksonville
11-01-2019,79,63,jacksonville
11-02-2019,79,62,jacksonville
11-03-2019,74,51,jacksonville
11-04-2019,70,53,jacksonville
11-05-2019,73,54,jacksonville
11-06-2019,72,57,jacksonville
11-07-2019,73,60,jacksonville
11-08-2019,75,58,jacksonville
11-09-2019,78,59,jacksonville
11-10-2019,79,60,jacksonville
11-11-2019,77,60,jacksonville
11-12-2019,78,61,jacksonville
11-13-2019,79,60,jacksonville
11-14-2019,80,52,jacksonville
11-15-2019,77,48,jacksonville
11-16-2019,70,48,jacksonville
11-17-2019,67,54,jacksonville
11-18-2019,70,55,jacksonville
11-19-2019,71,55,jacksonville
11-20-2019,70,54,jacksonville
11-21-2019,69,52,jacksonville
11-22-2019,72,54,jacksonville
11-23-2019,72,55,jacksonville
11-24-2019,74,54,jacksonville
11-25-2019,75,56,jacksonville
11-26-2019,77,57,jacksonville
11-27-2019,76,57,jacksonville
11-28-2019,75,56,jacksonville
11-29-2019,75,46,jacksonville
11-30-2019,76,43,jacksonville
12-01-2019,69,42,jacksonville
12-02-2019,63,43,jacksonville
12-03-2019,61,50,jacksonville
12-04-2019,64,52,jacksonville
12-05-2019,71,44,jacksonville
12-06-2019,72,43,jacksonville
12-07-2019,62,46,jacksonville
12-08-2019,67,53,jacksonville
12-09-2019,72,54,jacksonville
12-10-2019,71,55,jacksonville
12-11-2019,72,51,jacksonville
12-12-2019,72,44,jacksonville
12-13-2019,71,48,jacksonville
12-14-2019,67,51,jacksonville
12-15-2019,70,52,jacksonville
12-16-2019,71,53,jacksonville
12-17-2019,71,53,jacksonville
12-18-2019,70,52,jacksonville
12-19-2019,72,52,jacksonville
12-20-2019,73,40,jacksonville
12-21-2019,72,39,jacksonville
12-22-2019,66,38,jacksonville
12-23-2019,57,40,jacksonville
12-24-2019,58,42,jacksonville
12-25-2019,61,44,jacksonville
12-26-2019,63,45,jacksonville
12-27-2019,65,50,jacksonville
12-28-2019,69,48,jacksonville
12-29-2019,69,49,jacksonville
12-30-2019,66,50,jacksonville
12-31-2019,67,51,jacksonville
10-01-2019,73,54,carson
10-02-2019,75,54,carson
10-03-2019,73,54,carson
10-04-2019,80,55,carson
10-05-2019,80,56,carson
10-06-2019,81,58,carson
10-07-2019,81,59,carson
10-08-2019,81,61,carson
10-09-2019,75,60,carson
10-10-2019,77,60,carson
10-11-2019,83,55,carson
10-12-2019,80,58,carson
10-13-2019,76,57,carson
10-14-2019,74,58,carson
10-15-2019,75,59,carson
10-16-2019,75,58,carson
10-17-2019,76,59,carson
10-18-2019,76,60,carson
10-19-2019,75,55,carson
10-20-2019,73,58,carson
10-21-2019,74,56,carson
10-22-2019,76,55,carson
10-23-2019,76,56,carson
10-24-2019,76,59,carson
10-25-2019,76,59,carson
10-26-2019,75,58,carson
10-27-2019,72,58,carson
10-28-2019,75,58,carson
10-29-2019,77,59,carson
10-30-2019,77,58,carson
10-31-2019,74,58,carson
11-01-2019,68,54,carson
11-02-2019,69,51,carson
11-03-2019,73,51,carson
11-04-2019,72,53,carson
11-05-2019,70,54,carson
11-06-2019,72,54,carson
11-07-2019,72,53,carson
11-08-2019,72,53,carson
11-09-2019,72,52,carson
11-10-2019,72,50,carson
11-11-2019,71,48,carson
11-12-2019,68,48,carson
11-13-2019,66,54,carson
11-14-2019,70,54,carson
11-15-2019,73,52,carson
11-16-2019,73,50,carson
11-17-2019,71,51,carson
11-18-2019,71,50,carson
11-19-2019,68,48,carson
11-20-2019,67,49,carson
11-21-2019,68,48,carson
11-22-2019,68,49,carson
11-23-2019,66,49,carson
11-24-2019,66,48,carson
11-25-2019,68,45,carson
11-26-2019,65,44,carson
11-27-2019,64,44,carson
11-28-2019,63,45,carson
11-29-2019,63,46,carson
11-30-2019,64,50,carson
12-01-2019,67,51,carson
12-02-2019,69,52,carson
12-03-2019,70,52,carson
12-04-2019,70,50,carson
12-05-2019,69,46,carson
12-06-2019,70,47,carson
12-07-2019,66,44,carson
12-08-2019,65,43,carson
12-09-2019,62,44,carson
12-10-2019,62,43,carson
12-11-2019,60,46,carson
12-12-2019,65,52,carson
12-13-2019,68,45,carson
12-14-2019,64,44,carson
12-15-2019,63,43,carson
12-16-2019,62,43,carson
12-17-2019,62,42,carson
12-18-2019,63,44,carson
12-19-2019,63,44,carson
12-20-2019,64,45,carson
12-21-2019,64,45,carson
12-22-2019,65,46,carson
12-23-2019,64,45,carson
12-24-2019,64,44,carson
12-25-2019,63,43,carson
12-26-2019,62,43,carson
12-27-2019,62,44,carson
12-28-2019,63,44,carson
12-29-2019,63,45,carson
12-30-2019,64,43,carson
12-31-2019,63,44,carson
10-01-2019,95,65,cincinnati
10-02-2019,95,64,cincinnati
10-03-2019,95,61,cincinnati
10-04-2019,72,53,cincinnati
10-05-2019,79,58,cincinnati
10-06-2019,75,53,cincinnati
10-07-2019,67,43,cincinnati
10-08-2019,70,43,cincinnati
10-09-2019,76,52,cincinnati
10-10-2019,73,59,cincinnati
10-11-2019,74,43,cincinnati
10-12-2019,65,39,cincinnati
10-13-2019,66,42,cincinnati
10-14-2019,70,44,cincinnati
10-15-2019,73,48,cincinnati
10-16-2019,73,49,cincinnati
10-17-2019,74,51,cincinnati
10-18-2019,73,49,cincinnati
10-19-2019,59,34,cincinnati
10-20-2019,59,43,cincinnati
10-21-2019,72,48,cincinnati
10-22-2019,70,45,cincinnati
10-23-2019,70,47,cincinnati
10-24-2019,70,45,cincinnati
10-25-2019,64,39,cincinnati
10-26-2019,61,39,cincinnati
10-27-2019,66,41,cincinnati
10-28-2019,59,40,cincinnati
10-29-2019,59,42,cincinnati
10-30-2019,60,46,cincinnati
10-31-2019,69,49,cincinnati
11-01-2019,68,46,cincinnati
11-02-2019,66,39,cincinnati
11-03-2019,56,28,cincinnati
11-04-2019,50,29,cincinnati
11-05-2019,53,37,cincinnati
11-06-2019,54,46,cincinnati
11-07-2019,63,45,cincinnati
11-08-2019,62,33,cincinnati
11-09-2019,60,37,cincinnati
11-10-2019,60,41,cincinnati
11-11-2019,64,41,cincinnati
11-12-2019,65,47,cincinnati
11-13-2019,64,37,cincinnati
11-14-2019,63,31,cincinnati
11-15-2019,57,28,cincinnati
11-16-2019,46,29,cincinnati
11-17-2019,47,39,cincinnati
11-18-2019,54,34,cincinnati
11-19-2019,50,29,cincinnati
11-20-2019,50,33,cincinnati
11-21-2019,52,38,cincinnati
11-22-2019,52,38,cincinnati
11-23-2019,54,38,cincinnati
11-24-2019,54,31,cincinnati
11-25-2019,55,32,cincinnati
11-26-2019,55,37,cincinnati
11-27-2019,54,40,cincinnati
11-28-2019,55,32,cincinnati
11-29-2019,59,25,cincinnati
11-30-2019,55,23,cincinnati
12-01-2019,38,21,cincinnati
12-02-2019,36,21,cincinnati
12-03-2019,38,23,cincinnati
12-04-2019,39,31,cincinnati
12-05-2019,41,28,cincinnati
12-06-2019,41,25,cincinnati
12-07-2019,39,27,cincinnati
12-08-2019,38,20,cincinnati
12-09-2019,38,27,cincinnati
12-10-2019,37,32,cincinnati
12-11-2019,48,25,cincinnati
12-12-2019,50,26,cincinnati
12-13-2019,37,33,cincinnati
12-14-2019,44,36,cincinnati
12-15-2019,51,38,cincinnati
12-16-2019,52,37,cincinnati
12-17-2019,54,32,cincinnati
12-18-2019,53,27,cincinnati
12-19-2019,50,17,cincinnati
12-20-2019,37,15,cincinnati
12-21-2019,32,15,cincinnati
12-22-2019,31,18,cincinnati
12-23-2019,33,23,cincinnati
12-24-2019,40,25,cincinnati
12-25-2019,45,30,cincinnati
12-26-2019,46,31,cincinnati
12-27-2019,48,31,cincinnati
12-28-2019,48,29,cincinnati
12-29-2019,49,25,cincinnati
12-30-2019,40,25,cincinnati
12-31-2019,42,22,cincinnati
10-01-2019,50,43,denver
10-02-2019,61,41,denver
10-03-2019,64,45,denver
10-04-2019,74,43,denver
10-05-2019,69,40,denver
10-06-2019,62,37,denver
10-07-2019,76,44,denver
10-08-2019,80,49,denver
10-09-2019,79,26,denver
10-10-2019,49,31,denver
10-11-2019,54,32,denver
10-12-2019,68,34,denver
10-13-2019,69,35,denver
10-14-2019,67,37,denver
10-15-2019,68,38,denver
10-16-2019,68,39,denver
10-17-2019,67,40,denver
10-18-2019,62,42,denver
10-19-2019,72,36,denver
10-20-2019,69,33,denver
10-21-2019,56,29,denver
10-22-2019,58,35,denver
10-23-2019,58,30,denver
10-24-2019,60,31,denver
10-25-2019,65,33,denver
10-26-2019,68,34,denver
10-27-2019,60,35,denver
10-28-2019,69,38,denver
10-29-2019,66,37,denver
10-30-2019,67,29,denver
10-31-2019,52,27,denver
11-01-2019,50,26,denver
11-02-2019,51,26,denver
11-03-2019,65,35,denver
11-04-2019,65,35,denver
11-05-2019,61,32,denver
11-06-2019,57,29,denver
11-07-2019,53,31,denver
11-08-2019,56,31,denver
11-09-2019,58,30,denver
11-10-2019,58,29,denver
11-11-2019,57,31,denver
11-12-2019,61,28,denver
11-13-2019,51,26,denver
11-14-2019,51,28,denver
11-15-2019,56,30,denver
11-16-2019,59,29,denver
11-17-2019,59,29,denver
11-18-2019,58,24,denver
11-19-2019,55,26,denver
11-20-2019,53,28,denver
11-21-2019,54,27,denver
11-22-2019,56,26,denver
11-23-2019,55,15,denver
11-24-2019,46,22,denver
11-25-2019,45,21,denver
11-26-2019,56,16,denver
11-27-2019,44,14,denver
11-28-2019,41,13,denver
11-29-2019,41,15,denver
11-30-2019,42,20,denver
12-01-2019,43,16,denver
12-02-2019,44,21,denver
12-03-2019,43,14,denver
12-04-2019,43,19,denver
12-05-2019,42,16,denver
12-06-2019,48,14,denver
12-07-2019,42,17,denver
12-08-2019,41,15,denver
12-09-2019,42,13,denver
12-10-2019,41,13,denver
12-11-2019,40,15,denver
12-12-2019,42,24,denver
12-13-2019,45,23,denver
12-14-2019,48,25,denver
12-15-2019,42,15,denver
12-16-2019,44,11,denver
12-17-2019,41,9,denver
12-18-2019,38,11,denver
12-19-2019,39,13,denver
12-20-2019,42,20,denver
12-21-2019,42,20,denver
12-22-2019,44,19,denver
12-23-2019,48,20,denver
12-24-2019,48,22,denver
12-25-2019,47,19,denver
12-26-2019,43,12,denver
12-27-2019,42,13,denver
12-28-2019,41,14,denver
12-29-2019,42,12,denver
12-30-2019,42,14,denver
12-31-2019,41,13,denver
10-01-2019,87,67,detroit
10-02-2019,74,55,detroit
10-03-2019,68,53,detroit
10-04-2019,62,56,detroit
10-05-2019,69,51,detroit
10-06-2019,65,43,detroit
10-07-2019,64,47,detroit
10-08-2019,67,53,detroit
10-09-2019,70,59,detroit
10-10-2019,62,46,detroit
10-11-2019,57,41,detroit
10-12-2019,57,41,detroit
10-13-2019,58,45,detroit
10-14-2019,60,49,detroit
10-15-2019,61,50,detroit
10-16-2019,62,49,detroit
10-17-2019,66,50,detroit
10-18-2019,51,35,detroit
10-19-2019,52,43,detroit
10-20-2019,65,48,detroit
10-21-2019,63,48,detroit
10-22-2019,63,46,detroit
10-23-2019,59,44,detroit
10-24-2019,54,43,detroit
10-25-2019,53,41,detroit
10-26-2019,56,42,detroit
10-27-2019,52,42,detroit
10-28-2019,51,45,detroit
10-29-2019,54,46,detroit
10-30-2019,60,48,detroit
10-31-2019,60,46,detroit
11-01-2019,60,46,detroit
11-02-2019,59,39,detroit
11-03-2019,48,31,detroit
11-04-2019,42,31,detroit
11-05-2019,44,40,detroit
11-06-2019,48,44,detroit
11-07-2019,52,41,detroit
11-08-2019,57,35,detroit
11-09-2019,50,45,detroit
11-10-2019,53,43,detroit
11-11-2019,56,44,detroit
11-12-2019,56,44,detroit
11-13-2019,56,38,detroit
11-14-2019,56,32,detroit
11-15-2019,45,30,detroit
11-16-2019,40,32,detroit
11-17-2019,41,40,detroit
11-18-2019,48,30,detroit
11-19-2019,46,29,detroit
11-20-2019,42,34,detroit
11-21-2019,45,37,detroit
11-22-2019,47,38,detroit
11-23-2019,48,38,detroit
11-24-2019,48,34,detroit
11-25-2019,47,35,detroit
11-26-2019,51,38,detroit
11-27-2019,46,38,detroit
11-28-2019,48,35,detroit
11-29-2019,50,29,detroit
11-30-2019,48,24,detroit
12-01-2019,35,26,detroit
12-02-2019,32,24,detroit
12-03-2019,33,26,detroit
12-04-2019,35,32,detroit
12-05-2019,38,33,detroit
12-06-2019,39,27,detroit
12-07-2019,39,26,detroit
12-08-2019,35,26,detroit
12-09-2019,34,30,detroit
12-10-2019,36,30,detroit
12-11-2019,42,28,detroit
12-12-2019,43,26,detroit
12-13-2019,33,32,detroit
12-14-2019,39,33,detroit
12-15-2019,42,36,detroit
12-16-2019,45,35,detroit
12-17-2019,46,29,detroit
12-18-2019,45,23,detroit
12-19-2019,41,13,detroit
12-20-2019,30,14,detroit
12-21-2019,24,16,detroit
12-22-2019,25,20,detroit
12-23-2019,28,25,detroit
12-24-2019,37,28,detroit
12-25-2019,39,29,detroit
12-26-2019,39,29,detroit
12-27-2019,40,30,detroit
12-28-2019,40,29,detroit
12-29-2019,41,27,detroit
12-30-2019,38,25,detroit
12-31-2019,37,18,detroit
10-01-2019,76,55,green-bay
10-02-2019,57,51,green-bay
10-03-2019,58,49,green-bay
10-04-2019,53,43,green-bay
10-05-2019,56,49,green-bay
10-06-2019,64,46,green-bay
10-07-2019,60,44,green-bay
10-08-2019,64,48,green-bay
10-09-2019,66,53,green-bay
10-10-2019,69,46,green-bay
10-11-2019,52,37,green-bay
10-12-2019,50,37,green-bay
10-13-2019,54,38,green-bay
10-14-2019,53,40,green-bay
10-15-2019,56,43,green-bay
10-16-2019,56,44,green-bay
10-17-2019,57,45,green-bay
10-18-2019,63,46,green-bay
10-19-2019,50,30,green-bay
10-20-2019,51,38,green-bay
10-21-2019,61,44,green-bay
10-22-2019,62,44,green-bay
10-23-2019,62,39,green-bay
10-24-2019,56,37,green-bay
10-25-2019,50,39,green-bay
10-26-2019,52,39,green-bay
10-27-2019,53,37,green-bay
10-28-2019,49,40,green-bay
10-29-2019,51,42,green-bay
10-30-2019,54,42,green-bay
10-31-2019,56,41,green-bay
11-01-2019,56,40,green-bay
11-02-2019,54,39,green-bay
11-03-2019,43,26,green-bay
11-04-2019,42,26,green-bay
11-05-2019,42,35,green-bay
11-06-2019,50,31,green-bay
11-07-2019,50,30,green-bay
11-08-2019,51,32,green-bay
11-09-2019,48,31,green-bay
11-10-2019,52,36,green-bay
11-11-2019,51,40,green-bay
11-12-2019,53,30,green-bay
11-13-2019,53,27,green-bay
11-14-2019,47,26,green-bay
11-15-2019,42,23,green-bay
11-16-2019,38,30,green-bay
11-17-2019,43,31,green-bay
11-18-2019,46,25,green-bay
11-19-2019,41,27,green-bay
11-20-2019,41,29,green-bay
11-21-2019,42,28,green-bay
11-22-2019,44,28,green-bay
11-23-2019,43,27,green-bay
11-24-2019,43,24,green-bay
11-25-2019,41,27,green-bay
11-26-2019,42,28,green-bay
11-27-2019,39,28,green-bay
11-28-2019,40,23,green-bay
11-29-2019,42,19,green-bay
11-30-2019,36,17,green-bay
12-01-2019,30,14,green-bay
12-02-2019,29,15,green-bay
12-03-2019,31,24,green-bay
12-04-2019,34,23,green-bay
12-05-2019,36,23,green-bay
12-06-2019,35,20,green-bay
12-07-2019,36,19,green-bay
12-08-2019,30,14,green-bay
12-09-2019,31,19,green-bay
12-10-2019,28,22,green-bay
12-11-2019,35,16,green-bay
12-12-2019,35,18,green-bay
12-13-2019,29,21,green-bay
12-14-2019,36,22,green-bay
12-15-2019,35,24,green-bay
12-16-2019,37,17,green-bay
12-17-2019,40,6,green-bay
12-18-2019,37,5,green-bay
12-19-2019,22,2,green-bay
12-20-2019,19,4,green-bay
12-21-2019,17,10,green-bay
12-22-2019,21,17,green-bay
12-23-2019,28,17,green-bay
12-24-2019,33,20,green-bay
12-25-2019,34,21,green-bay
12-26-2019,34,21,green-bay
12-27-2019,33,20,green-bay
12-28-2019,35,18,green-bay
12-29-2019,34,15,green-bay
12-30-2019,32,10,green-bay
12-31-2019,29,4,green-bay
10-01-2019,93,77,houston
10-02-2019,93,77,houston
10-03-2019,93,77,houston
10-04-2019,94,74,houston
10-05-2019,91,74,houston
10-06-2019,82,63,houston
10-07-2019,82,65,houston
10-08-2019,87,73,houston
10-09-2019,89,66,houston
10-10-2019,80,59,houston
10-11-2019,75,59,houston
10-12-2019,77,60,houston
10-13-2019,81,65,houston
10-14-2019,83,67,houston
10-15-2019,82,67,houston
10-16-2019,83,68,houston
10-17-2019,85,68,houston
10-18-2019,81,64,houston
10-19-2019,79,65,houston
10-20-2019,84,67,houston
10-21-2019,84,67,houston
10-22-2019,83,67,houston
10-23-2019,82,63,houston
10-24-2019,77,59,houston
10-25-2019,78,59,houston
10-26-2019,81,66,houston
10-27-2019,83,65,houston
10-28-2019,78,63,houston
10-29-2019,80,64,houston
10-30-2019,80,62,houston
10-31-2019,78,59,houston
11-01-2019,78,59,houston
11-02-2019,72,59,houston
11-03-2019,73,50,houston
11-04-2019,69,54,houston
11-05-2019,73,62,houston
11-06-2019,77,62,houston
11-07-2019,73,60,houston
11-08-2019,74,57,houston
11-09-2019,78,58,houston
11-10-2019,77,58,houston
11-11-2019,76,59,houston
11-12-2019,73,61,houston
11-13-2019,78,57,houston
11-14-2019,78,49,houston
11-15-2019,73,47,houston
11-16-2019,66,50,houston
11-17-2019,66,58,houston
11-18-2019,72,54,houston
11-19-2019,70,53,houston
11-20-2019,70,53,houston
11-21-2019,71,54,houston
11-22-2019,71,54,houston
11-23-2019,70,52,houston
11-24-2019,72,44,houston
11-25-2019,68,55,houston
11-26-2019,67,58,houston
11-27-2019,75,45,houston
11-28-2019,76,43,houston
11-29-2019,74,42,houston
11-30-2019,61,43,houston
12-01-2019,61,48,houston
12-02-2019,62,53,houston
12-03-2019,62,45,houston
12-04-2019,66,42,houston
12-05-2019,67,43,houston
12-06-2019,61,54,houston
12-07-2019,72,54,houston
12-08-2019,69,53,houston
12-09-2019,70,52,houston
12-10-2019,72,45,houston
12-11-2019,71,43,houston
12-12-2019,60,46,houston
12-13-2019,61,54,houston
12-14-2019,71,55,houston
12-15-2019,73,55,houston
12-16-2019,74,52,houston
12-17-2019,73,40,houston
12-18-2019,72,39,houston
12-19-2019,58,37,houston
12-20-2019,56,36,houston
12-21-2019,55,35,houston
12-22-2019,54,36,houston
12-23-2019,55,38,houston
12-24-2019,56,47,houston
12-25-2019,58,52,houston
12-26-2019,68,49,houston
12-27-2019,70,39,houston
12-28-2019,70,40,houston
12-29-2019,58,46,houston
12-30-2019,62,40,houston
12-31-2019,58,39,houston
10-01-2019,92,68,indianapolis
10-02-2019,92,70,indianapolis
10-03-2019,81,57,indianapolis
10-04-2019,69,51,indianapolis
10-05-2019,75,60,indianapolis
10-06-2019,71,50,indianapolis
10-07-2019,68,44,indianapolis
10-08-2019,70,46,indianapolis
10-09-2019,74,57,indianapolis
10-10-2019,72,56,indianapolis
10-11-2019,68,42,indianapolis
10-12-2019,60,40,indianapolis
10-13-2019,62,43,indianapolis
10-14-2019,65,45,indianapolis
10-15-2019,67,49,indianapolis
10-16-2019,68,50,indianapolis
10-17-2019,69,51,indianapolis
10-18-2019,69,48,indianapolis
10-19-2019,55,34,indianapolis
10-20-2019,56,43,indianapolis
10-21-2019,70,47,indianapolis
10-22-2019,67,46,indianapolis
10-23-2019,68,47,indianapolis
10-24-2019,66,44,indianapolis
10-25-2019,59,39,indianapolis
10-26-2019,60,39,indianapolis
10-27-2019,64,41,indianapolis
10-28-2019,56,42,indianapolis
10-29-2019,58,45,indianapolis
10-30-2019,59,46,indianapolis
10-31-2019,65,47,indianapolis
11-01-2019,63,46,indianapolis
11-02-2019,62,37,indianapolis
11-03-2019,50,28,indianapolis
11-04-2019,46,27,indianapolis
11-05-2019,48,39,indianapolis
11-06-2019,53,45,indianapolis
11-07-2019,58,41,indianapolis
11-08-2019,60,32,indianapolis
11-09-2019,55,39,indianapolis
11-10-2019,57,42,indianapolis
11-11-2019,61,42,indianapolis
11-12-2019,60,44,indianapolis
11-13-2019,60,37,indianapolis
11-14-2019,59,29,indianapolis
11-15-2019,51,26,indianapolis
11-16-2019,43,32,indianapolis
11-17-2019,45,39,indianapolis
11-18-2019,51,31,indianapolis
11-19-2019,49,30,indianapolis
11-20-2019,47,33,indianapolis
11-21-2019,48,36,indianapolis
11-22-2019,50,36,indianapolis
11-23-2019,49,35,indianapolis
11-24-2019,50,31,indianapolis
11-25-2019,51,32,indianapolis
11-26-2019,45,37,indianapolis
11-27-2019,50,38,indianapolis
11-28-2019,51,29,indianapolis
11-29-2019,53,24,indianapolis
11-30-2019,42,21,indianapolis
12-01-2019,34,20,indianapolis
12-02-2019,33,21,indianapolis
12-03-2019,35,25,indianapolis
12-04-2019,38,29,indianapolis
12-05-2019,39,27,indianapolis
12-06-2019,35,24,indianapolis
12-07-2019,35,24,indianapolis
12-08-2019,37,20,indianapolis
12-09-2019,36,26,indianapolis
12-10-2019,36,27,indianapolis
12-11-2019,46,25,indianapolis
12-12-2019,46,25,indianapolis
12-13-2019,36,31,indianapolis
12-14-2019,40,33,indianapolis
12-15-2019,48,35,indianapolis
12-16-2019,48,32,indianapolis
12-17-2019,49,26,indianapolis
12-18-2019,48,22,indianapolis
12-19-2019,40,11,indianapolis
12-20-2019,32,11,indianapolis
12-21-2019,27,13,indianapolis
12-22-2019,26,17,indianapolis
12-23-2019,30,23,indianapolis
12-24-2019,39,26,indianapolis
12-25-2019,42,28,indianapolis
12-26-2019,42,29,indianapolis
12-27-2019,43,28,indianapolis
12-28-2019,43,26,indianapolis
12-29-2019,45,24,indianapolis
12-30-2019,36,22,indianapolis
12-31-2019,38,17,indianapolis
10-01-2019,76,59,los-angeles
10-02-2019,81,60,los-angeles
10-03-2019,79,59,los-angeles
10-04-2019,79,59,los-angeles
10-05-2019,84,59,los-angeles
10-06-2019,85,60,los-angeles
10-07-2019,86,62,los-angeles
10-08-2019,85,61,los-angeles
10-09-2019,78,62,los-angeles
10-10-2019,79,60,los-angeles
10-11-2019,83,63,los-angeles
10-12-2019,82,63,los-angeles
10-13-2019,80,63,los-angeles
10-14-2019,77,62,los-angeles
10-15-2019,78,63,los-angeles
10-16-2019,78,63,los-angeles
10-17-2019,79,64,los-angeles
10-18-2019,79,61,los-angeles
10-19-2019,77,57,los-angeles
10-20-2019,77,59,los-angeles
10-21-2019,78,58,los-angeles
10-22-2019,80,57,los-angeles
10-23-2019,79,58,los-angeles
10-24-2019,80,61,los-angeles
10-25-2019,80,61,los-angeles
10-26-2019,78,60,los-angeles
10-27-2019,75,60,los-angeles
10-28-2019,79,59,los-angeles
10-29-2019,80,61,los-angeles
10-30-2019,80,60,los-angeles
10-31-2019,77,59,los-angeles
11-01-2019,71,56,los-angeles
11-02-2019,72,52,los-angeles
11-03-2019,76,53,los-angeles
11-04-2019,75,54,los-angeles
11-05-2019,72,55,los-angeles
11-06-2019,75,56,los-angeles
11-07-2019,75,55,los-angeles
11-08-2019,75,54,los-angeles
11-09-2019,75,54,los-angeles
11-10-2019,75,51,los-angeles
11-11-2019,74,49,los-angeles
11-12-2019,71,50,los-angeles
11-13-2019,69,55,los-angeles
11-14-2019,73,55,los-angeles
11-15-2019,75,53,los-angeles
11-16-2019,76,52,los-angeles
11-17-2019,74,52,los-angeles
11-18-2019,73,52,los-angeles
11-19-2019,71,50,los-angeles
11-20-2019,70,50,los-angeles
11-21-2019,71,49,los-angeles
11-22-2019,71,50,los-angeles
11-23-2019,69,50,los-angeles
11-24-2019,68,49,los-angeles
11-25-2019,70,46,los-angeles
11-26-2019,67,45,los-angeles
11-27-2019,66,44,los-angeles
11-28-2019,65,46,los-angeles
11-29-2019,65,47,los-angeles
11-30-2019,66,51,los-angeles
12-01-2019,69,52,los-angeles
12-02-2019,70,53,los-angeles
12-03-2019,72,53,los-angeles
12-04-2019,72,51,los-angeles
12-05-2019,71,47,los-angeles
12-06-2019,71,48,los-angeles
12-07-2019,68,44,los-angeles
12-08-2019,67,44,los-angeles
12-09-2019,64,45,los-angeles
12-10-2019,64,44,los-angeles
12-11-2019,62,47,los-angeles
12-12-2019,66,53,los-angeles
12-13-2019,70,46,los-angeles
12-14-2019,66,45,los-angeles
12-15-2019,64,44,los-angeles
12-16-2019,64,44,los-angeles
12-17-2019,65,43,los-angeles
12-18-2019,64,45,los-angeles
12-19-2019,65,45,los-angeles
12-20-2019,66,46,los-angeles
12-21-2019,66,46,los-angeles
12-22-2019,67,47,los-angeles
12-23-2019,66,46,los-angeles
12-24-2019,66,45,los-angeles
12-25-2019,65,44,los-angeles
12-26-2019,64,44,los-angeles
12-27-2019,64,45,los-angeles
12-28-2019,65,45,los-angeles
12-29-2019,65,46,los-angeles
12-30-2019,66,44,los-angeles
12-31-2019,65,46,los-angeles
10-01-2019,91,76,kansas-city
10-02-2019,88,59,kansas-city
10-03-2019,60,53,kansas-city
10-04-2019,61,53,kansas-city
10-05-2019,74,48,kansas-city
10-06-2019,67,46,kansas-city
10-07-2019,70,48,kansas-city
10-08-2019,71,53,kansas-city
10-09-2019,73,58,kansas-city
10-10-2019,69,42,kansas-city
10-11-2019,56,40,kansas-city
10-12-2019,60,43,kansas-city
10-13-2019,65,48,kansas-city
10-14-2019,67,53,kansas-city
10-15-2019,69,54,kansas-city
10-16-2019,70,56,kansas-city
10-17-2019,71,57,kansas-city
10-18-2019,72,55,kansas-city
10-19-2019,62,42,kansas-city
10-20-2019,62,48,kansas-city
10-21-2019,61,53,kansas-city
10-22-2019,64,54,kansas-city
10-23-2019,67,50,kansas-city
10-24-2019,63,47,kansas-city
10-25-2019,64,50,kansas-city
10-26-2019,66,51,kansas-city
10-27-2019,68,44,kansas-city
10-28-2019,57,47,kansas-city
10-29-2019,61,50,kansas-city
10-30-2019,69,49,kansas-city
10-31-2019,62,48,kansas-city
11-01-2019,60,48,kansas-city
11-02-2019,61,43,kansas-city
11-03-2019,56,40,kansas-city
11-04-2019,54,42,kansas-city
11-05-2019,57,46,kansas-city
11-06-2019,63,45,kansas-city
11-07-2019,62,39,kansas-city
11-08-2019,61,41,kansas-city
11-09-2019,62,44,kansas-city
11-10-2019,61,45,kansas-city
11-11-2019,60,47,kansas-city
11-12-2019,64,41,kansas-city
11-13-2019,63,35,kansas-city
11-14-2019,55,30,kansas-city
11-15-2019,52,34,kansas-city
11-16-2019,48,43,kansas-city
11-17-2019,57,39,kansas-city
11-18-2019,59,33,kansas-city
11-19-2019,53,36,kansas-city
11-20-2019,52,38,kansas-city
11-21-2019,52,39,kansas-city
11-22-2019,54,38,kansas-city
11-23-2019,54,34,kansas-city
11-24-2019,53,27,kansas-city
11-25-2019,46,39,kansas-city
11-26-2019,52,39,kansas-city
11-27-2019,51,31,kansas-city
11-28-2019,54,24,kansas-city
11-29-2019,46,21,kansas-city
11-30-2019,35,19,kansas-city
12-01-2019,34,21,kansas-city
12-02-2019,36,31,kansas-city
12-03-2019,40,31,kansas-city
12-04-2019,44,28,kansas-city
12-05-2019,43,26,kansas-city
12-06-2019,42,31,kansas-city
12-07-2019,46,25,kansas-city
12-08-2019,44,28,kansas-city
12-09-2019,42,26,kansas-city
12-10-2019,38,20,kansas-city
12-11-2019,37,19,kansas-city
12-12-2019,34,32,kansas-city
12-13-2019,39,33,kansas-city
12-14-2019,43,38,kansas-city
12-15-2019,52,34,kansas-city
12-16-2019,53,26,kansas-city
12-17-2019,53,19,kansas-city
12-18-2019,39,18,kansas-city
12-19-2019,32,16,kansas-city
12-20-2019,37,12,kansas-city
12-21-2019,30,18,kansas-city
12-22-2019,30,27,kansas-city
12-23-2019,39,30,kansas-city
12-24-2019,46,31,kansas-city
12-25-2019,46,33,kansas-city
12-26-2019,45,30,kansas-city
12-27-2019,48,24,kansas-city
12-28-2019,47,22,kansas-city
12-29-2019,37,21,kansas-city
12-30-2019,36,21,kansas-city
12-31-2019,33,18,kansas-city
10-01-2019,65,50,minneapolis
10-02-2019,54,48,minneapolis
10-03-2019,50,44,minneapolis
10-04-2019,50,44,minneapolis
10-05-2019,59,46,minneapolis
10-06-2019,61,44,minneapolis
10-07-2019,62,49,minneapolis
10-08-2019,67,54,minneapolis
10-09-2019,69,55,minneapolis
10-10-2019,58,34,minneapolis
10-11-2019,44,36,minneapolis
10-12-2019,49,36,minneapolis
10-13-2019,53,39,minneapolis
10-14-2019,52,42,minneapolis
10-15-2019,54,43,minneapolis
10-16-2019,55,46,minneapolis
10-17-2019,56,47,minneapolis
10-18-2019,63,47,minneapolis
10-19-2019,50,33,minneapolis
10-20-2019,51,40,minneapolis
10-21-2019,58,44,minneapolis
10-22-2019,61,47,minneapolis
10-23-2019,61,41,minneapolis
10-24-2019,53,40,minneapolis
10-25-2019,53,40,minneapolis
10-26-2019,55,39,minneapolis
10-27-2019,50,38,minneapolis
10-28-2019,49,42,minneapolis
10-29-2019,53,43,minneapolis
10-30-2019,53,42,minneapolis
10-31-2019,55,42,minneapolis
11-01-2019,53,41,minneapolis
11-02-2019,50,39,minneapolis
11-03-2019,42,28,minneapolis
11-04-2019,43,31,minneapolis
11-05-2019,43,34,minneapolis
11-06-2019,48,29,minneapolis
11-07-2019,46,30,minneapolis
11-08-2019,49,36,minneapolis
11-09-2019,48,30,minneapolis
11-10-2019,49,37,minneapolis
11-11-2019,48,42,minneapolis
11-12-2019,54,28,minneapolis
11-13-2019,52,31,minneapolis
11-14-2019,44,25,minneapolis
11-15-2019,39,27,minneapolis
11-16-2019,37,35,minneapolis
11-17-2019,47,33,minneapolis
11-18-2019,48,31,minneapolis
11-19-2019,38,29,minneapolis
11-20-2019,40,30,minneapolis
11-21-2019,41,26,minneapolis
11-22-2019,42,25,minneapolis
11-23-2019,41,24,minneapolis
11-24-2019,37,22,minneapolis
11-25-2019,35,28,minneapolis
11-26-2019,37,27,minneapolis
11-27-2019,37,22,minneapolis
11-28-2019,35,17,minneapolis
11-29-2019,30,15,minneapolis
11-30-2019,26,12,minneapolis
12-01-2019,25,9,minneapolis
12-02-2019,25,24,minneapolis
12-03-2019,31,25,minneapolis
12-04-2019,35,21,minneapolis
12-05-2019,35,12,minneapolis
12-06-2019,32,15,minneapolis
12-07-2019,30,11,minneapolis
12-08-2019,30,6,minneapolis
12-09-2019,24,17,minneapolis
12-10-2019,24,20,minneapolis
12-11-2019,30,12,minneapolis
12-12-2019,28,21,minneapolis
12-13-2019,32,16,minneapolis
12-14-2019,34,21,minneapolis
12-15-2019,33,22,minneapolis
12-16-2019,34,9,minneapolis
12-17-2019,34,3,minneapolis
12-18-2019,28,1,minneapolis
12-19-2019,17,-2,minneapolis
12-20-2019,16,-1,minneapolis
12-21-2019,13,11,minneapolis
12-22-2019,20,18,minneapolis
12-23-2019,28,18,minneapolis
12-24-2019,32,20,minneapolis
12-25-2019,33,21,minneapolis
12-26-2019,33,18,minneapolis
12-27-2019,32,19,minneapolis
12-28-2019,32,17,minneapolis
12-29-2019,31,14,minneapolis
12-30-2019,29,10,minneapolis
12-31-2019,22,1,minneapolis
10-01-2019,93,80,new-orleans
10-02-2019,94,81,new-orleans
10-03-2019,94,80,new-orleans
10-04-2019,92,76,new-orleans
10-05-2019,88,75,new-orleans
10-06-2019,86,70,new-orleans
10-07-2019,84,73,new-orleans
10-08-2019,87,75,new-orleans
10-09-2019,87,75,new-orleans
10-10-2019,85,68,new-orleans
10-11-2019,81,63,new-orleans
10-12-2019,80,64,new-orleans
10-13-2019,83,66,new-orleans
10-14-2019,85,68,new-orleans
10-15-2019,85,68,new-orleans
10-16-2019,86,69,new-orleans
10-17-2019,83,67,new-orleans
10-18-2019,80,66,new-orleans
10-19-2019,80,66,new-orleans
10-20-2019,83,67,new-orleans
10-21-2019,83,67,new-orleans
10-22-2019,82,65,new-orleans
10-23-2019,82,65,new-orleans
10-24-2019,79,63,new-orleans
10-25-2019,77,63,new-orleans
10-26-2019,77,64,new-orleans
10-27-2019,81,64,new-orleans
10-28-2019,81,65,new-orleans
10-29-2019,80,66,new-orleans
10-30-2019,81,66,new-orleans
10-31-2019,81,65,new-orleans
11-01-2019,81,65,new-orleans
11-02-2019,80,66,new-orleans
11-03-2019,73,54,new-orleans
11-04-2019,71,55,new-orleans
11-05-2019,73,57,new-orleans
11-06-2019,74,59,new-orleans
11-07-2019,75,58,new-orleans
11-08-2019,77,59,new-orleans
11-09-2019,78,57,new-orleans
11-10-2019,79,59,new-orleans
11-11-2019,77,62,new-orleans
11-12-2019,76,62,new-orleans
11-13-2019,79,60,new-orleans
11-14-2019,79,50,new-orleans
11-15-2019,76,48,new-orleans
11-16-2019,66,49,new-orleans
11-17-2019,67,59,new-orleans
11-18-2019,71,54,new-orleans
11-19-2019,71,54,new-orleans
11-20-2019,70,53,new-orleans
11-21-2019,70,54,new-orleans
11-22-2019,71,54,new-orleans
11-23-2019,71,54,new-orleans
11-24-2019,72,47,new-orleans
11-25-2019,70,51,new-orleans
11-26-2019,66,58,new-orleans
11-27-2019,74,59,new-orleans
11-28-2019,76,46,new-orleans
11-29-2019,76,44,new-orleans
11-30-2019,69,44,new-orleans
12-01-2019,62,45,new-orleans
12-02-2019,62,48,new-orleans
12-03-2019,63,55,new-orleans
12-04-2019,65,44,new-orleans
12-05-2019,69,43,new-orleans
12-06-2019,59,52,new-orleans
12-07-2019,62,55,new-orleans
12-08-2019,72,55,new-orleans
12-09-2019,72,56,new-orleans
12-10-2019,71,54,new-orleans
12-11-2019,73,44,new-orleans
12-12-2019,70,46,new-orleans
12-13-2019,61,54,new-orleans
12-14-2019,68,55,new-orleans
12-15-2019,72,56,new-orleans
12-16-2019,73,56,new-orleans
12-17-2019,72,54,new-orleans
12-18-2019,73,43,new-orleans
12-19-2019,71,41,new-orleans
12-20-2019,60,39,new-orleans
12-21-2019,57,38,new-orleans
12-22-2019,55,39,new-orleans
12-23-2019,56,40,new-orleans
12-24-2019,57,43,new-orleans
12-25-2019,59,52,new-orleans
12-26-2019,67,54,new-orleans
12-27-2019,68,47,new-orleans
12-28-2019,70,43,new-orleans
12-29-2019,61,48,new-orleans
12-30-2019,62,47,new-orleans
12-31-2019,59,43,new-orleans
10-01-2019,66,52,oakland
10-02-2019,69,51,oakland
10-03-2019,67,52,oakland
10-04-2019,78,49,oakland
10-05-2019,77,53,oakland
10-06-2019,81,53,oakland
10-07-2019,80,54,oakland
10-08-2019,73,53,oakland
10-09-2019,70,49,oakland
10-10-2019,74,51,oakland
10-11-2019,76,52,oakland
10-12-2019,73,55,oakland
10-13-2019,71,55,oakland
10-14-2019,71,55,oakland
10-15-2019,72,56,oakland
10-16-2019,72,55,oakland
10-17-2019,73,56,oakland
10-18-2019,70,54,oakland
10-19-2019,75,54,oakland
10-20-2019,73,56,oakland
10-21-2019,75,57,oakland
10-22-2019,74,57,oakland
10-23-2019,74,55,oakland
10-24-2019,72,56,oakland
10-25-2019,73,56,oakland
10-26-2019,71,55,oakland
10-27-2019,69,55,oakland
10-28-2019,72,55,oakland
10-29-2019,73,57,oakland
10-30-2019,72,57,oakland
10-31-2019,72,56,oakland
11-01-2019,71,55,oakland
11-02-2019,70,55,oakland
11-03-2019,71,53,oakland
11-04-2019,71,52,oakland
11-05-2019,67,51,oakland
11-06-2019,67,50,oakland
11-07-2019,68,51,oakland
11-08-2019,68,50,oakland
11-09-2019,68,49,oakland
11-10-2019,66,50,oakland
11-11-2019,67,50,oakland
11-12-2019,63,48,oakland
11-13-2019,65,51,oakland
11-14-2019,66,50,oakland
11-15-2019,68,50,oakland
11-16-2019,66,48,oakland
11-17-2019,65,46,oakland
11-18-2019,64,47,oakland
11-19-2019,61,49,oakland
11-20-2019,62,49,oakland
11-21-2019,63,50,oakland
11-22-2019,65,49,oakland
11-23-2019,62,48,oakland
11-24-2019,60,48,oakland
11-25-2019,62,44,oakland
11-26-2019,58,42,oakland
11-27-2019,57,43,oakland
11-28-2019,57,44,oakland
11-29-2019,59,50,oakland
11-30-2019,62,48,oakland
12-01-2019,61,47,oakland
12-02-2019,58,47,oakland
12-03-2019,61,50,oakland
12-04-2019,63,50,oakland
12-05-2019,64,49,oakland
12-06-2019,58,49,oakland
12-07-2019,58,45,oakland
12-08-2019,59,43,oakland
12-09-2019,58,46,oakland
12-10-2019,55,42,oakland
12-11-2019,57,44,oakland
12-12-2019,57,48,oakland
12-13-2019,61,44,oakland
12-14-2019,54,41,oakland
12-15-2019,54,42,oakland
12-16-2019,55,40,oakland
12-17-2019,54,39,oakland
12-18-2019,56,41,oakland
12-19-2019,58,43,oakland
12-20-2019,61,42,oakland
12-21-2019,61,41,oakland
12-22-2019,60,44,oakland
12-23-2019,60,45,oakland
12-24-2019,54,42,oakland
12-25-2019,53,38,oakland
12-26-2019,52,39,oakland
12-27-2019,52,45,oakland
12-28-2019,51,47,oakland
12-29-2019,54,41,oakland
12-30-2019,55,43,oakland
12-31-2019,54,44,oakland
10-01-2019,84,65,philadelphia
10-02-2019,95,70,philadelphia
10-03-2019,75,62,philadelphia
10-04-2019,71,51,philadelphia
10-05-2019,65,52,philadelphia
10-06-2019,74,67,philadelphia
10-07-2019,78,57,philadelphia
10-08-2019,71,51,philadelphia
10-09-2019,69,51,philadelphia
10-10-2019,67,51,philadelphia
10-11-2019,72,54,philadelphia
10-12-2019,72,48,philadelphia
10-13-2019,65,49,philadelphia
10-14-2019,66,49,philadelphia
10-15-2019,67,50,philadelphia
10-16-2019,68,52,philadelphia
10-17-2019,69,53,philadelphia
10-18-2019,71,56,philadelphia
10-19-2019,61,41,philadelphia
10-20-2019,61,49,philadelphia
10-21-2019,71,54,philadelphia
10-22-2019,70,53,philadelphia
10-23-2019,69,49,philadelphia
10-24-2019,65,50,philadelphia
10-25-2019,65,49,philadelphia
10-26-2019,63,47,philadelphia
10-27-2019,60,46,philadelphia
10-28-2019,63,50,philadelphia
10-29-2019,62,49,philadelphia
10-30-2019,61,52,philadelphia
10-31-2019,66,52,philadelphia
11-01-2019,66,53,philadelphia
11-02-2019,65,51,philadelphia
11-03-2019,56,37,philadelphia
11-04-2019,54,42,philadelphia
11-05-2019,57,41,philadelphia
11-06-2019,56,50,philadelphia
11-07-2019,60,52,philadelphia
11-08-2019,62,45,philadelphia
11-09-2019,63,46,philadelphia
11-10-2019,57,47,philadelphia
11-11-2019,62,50,philadelphia
11-12-2019,61,52,philadelphia
11-13-2019,65,51,philadelphia
11-14-2019,65,42,philadelphia
11-15-2019,61,36,philadelphia
11-16-2019,51,35,philadelphia
11-17-2019,47,39,philadelphia
11-18-2019,50,43,philadelphia
11-19-2019,51,38,philadelphia
11-20-2019,53,37,philadelphia
11-21-2019,49,40,philadelphia
11-22-2019,54,47,philadelphia
11-23-2019,55,48,philadelphia
11-24-2019,60,48,philadelphia
11-25-2019,61,43,philadelphia
11-26-2019,59,42,philadelphia
11-27-2019,54,44,philadelphia
11-28-2019,56,46,philadelphia
11-29-2019,57,40,philadelphia
11-30-2019,58,34,philadelphia
12-01-2019,58,31,philadelphia
12-02-2019,44,34,philadelphia
12-03-2019,43,35,philadelphia
12-04-2019,45,36,philadelphia
12-05-2019,48,41,philadelphia
12-06-2019,56,37,philadelphia
12-07-2019,56,37,philadelphia
12-08-2019,44,35,philadelphia
12-09-2019,45,33,philadelphia
12-10-2019,45,40,philadelphia
12-11-2019,51,36,philadelphia
12-12-2019,52,33,philadelphia
12-13-2019,49,37,philadelphia
12-14-2019,43,38,philadelphia
12-15-2019,48,40,philadelphia
12-16-2019,50,40,philadelphia
12-17-2019,52,41,philadelphia
12-18-2019,51,38,philadelphia
12-19-2019,53,26,philadelphia
12-20-2019,50,20,philadelphia
12-21-2019,43,23,philadelphia
12-22-2019,33,31,philadelphia
12-23-2019,37,32,philadelphia
12-24-2019,43,34,philadelphia
12-25-2019,45,35,philadelphia
12-26-2019,44,35,philadelphia
12-27-2019,46,34,philadelphia
12-28-2019,48,35,philadelphia
12-29-2019,48,34,philadelphia
12-30-2019,46,34,philadelphia
12-31-2019,45,32,philadelphia
10-01-2019,63,38,seattle
10-02-2019,65,40,seattle
10-03-2019,63,50,seattle
10-04-2019,60,51,seattle
10-05-2019,62,45,seattle
10-06-2019,63,49,seattle
10-07-2019,61,49,seattle
10-08-2019,54,42,seattle
10-09-2019,55,39,seattle
10-10-2019,55,38,seattle
10-11-2019,62,48,seattle
10-12-2019,58,49,seattle
10-13-2019,58,48,seattle
10-14-2019,57,49,seattle
10-15-2019,56,48,seattle
10-16-2019,57,49,seattle
10-17-2019,58,50,seattle
10-18-2019,56,44,seattle
10-19-2019,57,44,seattle
10-20-2019,56,45,seattle
10-21-2019,62,45,seattle
10-22-2019,59,46,seattle
10-23-2019,60,45,seattle
10-24-2019,60,44,seattle
10-25-2019,61,44,seattle
10-26-2019,61,45,seattle
10-27-2019,60,49,seattle
10-28-2019,57,49,seattle
10-29-2019,58,46,seattle
10-30-2019,53,43,seattle
10-31-2019,53,40,seattle
11-01-2019,55,43,seattle
11-02-2019,57,44,seattle
11-03-2019,60,46,seattle
11-04-2019,62,47,seattle
11-05-2019,56,44,seattle
11-06-2019,56,45,seattle
11-07-2019,57,40,seattle
11-08-2019,55,38,seattle
11-09-2019,54,43,seattle
11-10-2019,52,40,seattle
11-11-2019,54,37,seattle
11-12-2019,52,40,seattle
11-13-2019,50,42,seattle
11-14-2019,48,45,seattle
11-15-2019,52,46,seattle
11-16-2019,54,42,seattle
11-17-2019,54,44,seattle
11-18-2019,51,46,seattle
11-19-2019,54,45,seattle
11-20-2019,53,43,seattle
11-21-2019,54,41,seattle
11-22-2019,53,40,seattle
11-23-2019,48,36,seattle
11-24-2019,48,36,seattle
11-25-2019,47,32,seattle
11-26-2019,45,32,seattle
11-27-2019,43,33,seattle
11-28-2019,43,34,seattle
11-29-2019,45,39,seattle
11-30-2019,46,41,seattle
12-01-2019,46,39,seattle
12-02-2019,47,39,seattle
12-03-2019,45,36,seattle
12-04-2019,44,39,seattle
12-05-2019,47,33,seattle
12-06-2019,47,33,seattle
12-07-2019,44,32,seattle
12-08-2019,44,32,seattle
12-09-2019,43,31,seattle
12-10-2019,44,31,seattle
12-11-2019,43,37,seattle
12-12-2019,44,35,seattle
12-13-2019,47,32,seattle
12-14-2019,43,32,seattle
12-15-2019,43,30,seattle
12-16-2019,42,30,seattle
12-17-2019,40,31,seattle
12-18-2019,41,36,seattle
12-19-2019,43,40,seattle
12-20-2019,46,37,seattle
12-21-2019,46,38,seattle
12-22-2019,47,40,seattle
12-23-2019,45,40,seattle
12-24-2019,47,36,seattle
12-25-2019,45,32,seattle
12-26-2019,44,32,seattle
12-27-2019,42,31,seattle
12-28-2019,41,30,seattle
12-29-2019,42,32,seattle
12-30-2019,41,34,seattle
12-31-2019,42,42,seattle
10-01-2019,91,77,tampa
10-02-2019,93,73,tampa
10-03-2019,91,73,tampa
10-04-2019,91,72,tampa
10-05-2019,91,73,tampa
10-06-2019,91,73,tampa
10-07-2019,90,73,tampa
10-08-2019,87,72,tampa
10-09-2019,88,70,tampa
10-10-2019,88,68,tampa
10-11-2019,87,69,tampa
10-12-2019,87,68,tampa
10-13-2019,87,69,tampa
10-14-2019,86,68,tampa
10-15-2019,86,68,tampa
10-16-2019,87,69,tampa
10-17-2019,83,71,tampa
10-18-2019,85,68,tampa
10-19-2019,84,69,tampa
10-20-2019,82,69,tampa
10-21-2019,81,68,tampa
10-22-2019,80,69,tampa
10-23-2019,82,69,tampa
10-24-2019,82,68,tampa
10-25-2019,81,63,tampa
10-26-2019,79,64,tampa
10-27-2019,79,62,tampa
10-28-2019,79,65,tampa
10-29-2019,77,64,tampa
10-30-2019,80,67,tampa
10-31-2019,82,67,tampa
11-01-2019,82,67,tampa
11-02-2019,81,66,tampa
11-03-2019,79,59,tampa
11-04-2019,76,60,tampa
11-05-2019,78,61,tampa
11-06-2019,78,63,tampa
11-07-2019,78,65,tampa
11-08-2019,79,64,tampa
11-09-2019,81,65,tampa
11-10-2019,82,67,tampa
11-11-2019,82,66,tampa
11-12-2019,81,65,tampa
11-13-2019,83,64,tampa
11-14-2019,83,58,tampa
11-15-2019,81,55,tampa
11-16-2019,78,56,tampa
11-17-2019,74,61,tampa
11-18-2019,75,61,tampa
11-19-2019,75,61,tampa
11-20-2019,74,61,tampa
11-21-2019,76,60,tampa
11-22-2019,77,61,tampa
11-23-2019,78,60,tampa
11-24-2019,79,60,tampa
11-25-2019,79,62,tampa
11-26-2019,81,63,tampa
11-27-2019,80,62,tampa
11-28-2019,80,63,tampa
11-29-2019,79,54,tampa
11-30-2019,80,51,tampa
12-01-2019,77,50,tampa
12-02-2019,70,50,tampa
12-03-2019,68,57,tampa
12-04-2019,70,57,tampa
12-05-2019,72,53,tampa
12-06-2019,77,51,tampa
12-07-2019,70,56,tampa
12-08-2019,71,60,tampa
12-09-2019,77,60,tampa
12-10-2019,76,61,tampa
12-11-2019,77,58,tampa
12-12-2019,76,51,tampa
12-13-2019,75,54,tampa
12-14-2019,71,57,tampa
12-15-2019,75,58,tampa
12-16-2019,76,59,tampa
12-17-2019,76,59,tampa
12-18-2019,77,58,tampa
12-19-2019,76,59,tampa
12-20-2019,77,55,tampa
12-21-2019,77,48,tampa
12-22-2019,75,47,tampa
12-23-2019,65,47,tampa
12-24-2019,65,48,tampa
12-25-2019,67,49,tampa
12-26-2019,67,51,tampa
12-27-2019,70,56,tampa
12-28-2019,73,56,tampa
12-29-2019,75,55,tampa
12-30-2019,73,56,tampa
12-31-2019,74,57,tampa
10-01-2019,86,63,east-rutherford
10-02-2019,95,63,east-rutherford
10-03-2019,64,53,east-rutherford
10-04-2019,62,50,east-rutherford
10-05-2019,70,65,east-rutherford
10-06-2019,76,54,east-rutherford
10-07-2019,68,47,east-rutherford
10-08-2019,67,48,east-rutherford
10-09-2019,66,50,east-rutherford
10-10-2019,68,48,east-rutherford
10-11-2019,70,46,east-rutherford
10-12-2019,66,46,east-rutherford
10-13-2019,65,47,east-rutherford
10-14-2019,67,46,east-rutherford
10-15-2019,66,48,east-rutherford
10-16-2019,67,49,east-rutherford
10-17-2019,69,51,east-rutherford
10-18-2019,59,37,east-rutherford
10-19-2019,59,45,east-rutherford
10-20-2019,68,50,east-rutherford
10-21-2019,68,49,east-rutherford
10-22-2019,67,44,east-rutherford
10-23-2019,62,45,east-rutherford
10-24-2019,63,45,east-rutherford
10-25-2019,62,43,east-rutherford
10-26-2019,58,41,east-rutherford
10-27-2019,61,46,east-rutherford
10-28-2019,60,44,east-rutherford
10-29-2019,59,47,east-rutherford
10-30-2019,63,47,east-rutherford
10-31-2019,62,48,east-rutherford
11-01-2019,62,48,east-rutherford
11-02-2019,63,47,east-rutherford
11-03-2019,55,32,east-rutherford
11-04-2019,52,38,east-rutherford
11-05-2019,56,38,east-rutherford
11-06-2019,55,45,east-rutherford
11-07-2019,58,46,east-rutherford
11-08-2019,60,41,east-rutherford
11-09-2019,62,41,east-rutherford
11-10-2019,56,42,east-rutherford
11-11-2019,61,46,east-rutherford
11-12-2019,59,48,east-rutherford
11-13-2019,64,47,east-rutherford
11-14-2019,64,38,east-rutherford
11-15-2019,60,32,east-rutherford
11-16-2019,51,31,east-rutherford
11-17-2019,47,35,east-rutherford
11-18-2019,49,38,east-rutherford
11-19-2019,50,34,east-rutherford
11-20-2019,51,31,east-rutherford
11-21-2019,48,36,east-rutherford
11-22-2019,52,42,east-rutherford
11-23-2019,55,43,east-rutherford
11-24-2019,58,44,east-rutherford
11-25-2019,59,40,east-rutherford
11-26-2019,59,39,east-rutherford
11-27-2019,53,40,east-rutherford
11-28-2019,56,43,east-rutherford
11-29-2019,56,38,east-rutherford
11-30-2019,58,31,east-rutherford
12-01-2019,58,29,east-rutherford
12-02-2019,43,31,east-rutherford
12-03-2019,43,31,east-rutherford
12-04-2019,45,33,east-rutherford
12-05-2019,48,38,east-rutherford
12-06-2019,55,36,east-rutherford
12-07-2019,56,35,east-rutherford
12-08-2019,43,33,east-rutherford
12-09-2019,44,30,east-rutherford
12-10-2019,44,36,east-rutherford
12-11-2019,48,33,east-rutherford
12-12-2019,51,30,east-rutherford
12-13-2019,48,34,east-rutherford
12-14-2019,41,34,east-rutherford
12-15-2019,47,36,east-rutherford
12-16-2019,48,37,east-rutherford
12-17-2019,50,37,east-rutherford
12-18-2019,50,35,east-rutherford
12-19-2019,51,22,east-rutherford
12-20-2019,48,17,east-rutherford
12-21-2019,42,19,east-rutherford
12-22-2019,32,26,east-rutherford
12-23-2019,35,29,east-rutherford
12-24-2019,41,31,east-rutherford
12-25-2019,43,32,east-rutherford
12-26-2019,41,32,east-rutherford
12-27-2019,44,31,east-rutherford
12-28-2019,46,32,east-rutherford
12-29-2019,46,31,east-rutherford
12-30-2019,44,30,east-rutherford
12-31-2019,43,28,east-rutherford
10-01-2019,71,51,foxborough
10-02-2019,77,55,foxborough
10-03-2019,55,47,foxborough
10-04-2019,60,37,foxborough
10-05-2019,69,62,foxborough
10-06-2019,75,55,foxborough
10-07-2019,68,44,foxborough
10-08-2019,63,39,foxborough
10-09-2019,64,38,foxborough
10-10-2019,66,42,foxborough
10-11-2019,66,41,foxborough
10-12-2019,62,39,foxborough
10-13-2019,61,40,foxborough
10-14-2019,62,39,foxborough
10-15-2019,61,41,foxborough
10-16-2019,60,42,foxborough
10-17-2019,64,44,foxborough
10-18-2019,58,31,foxborough
10-19-2019,57,38,foxborough
10-20-2019,64,43,foxborough
10-21-2019,64,42,foxborough
10-22-2019,62,37,foxborough
10-23-2019,58,38,foxborough
10-24-2019,58,40,foxborough
10-25-2019,58,37,foxborough
10-26-2019,57,36,foxborough
10-27-2019,57,41,foxborough
10-28-2019,61,41,foxborough
10-29-2019,59,42,foxborough
10-30-2019,59,41,foxborough
10-31-2019,58,42,foxborough
11-01-2019,58,42,foxborough
11-02-2019,60,41,foxborough
11-03-2019,57,28,foxborough
11-04-2019,51,35,foxborough
11-05-2019,54,34,foxborough
11-06-2019,54,37,foxborough
11-07-2019,55,36,foxborough
11-08-2019,57,35,foxborough
11-09-2019,61,34,foxborough
11-10-2019,54,34,foxborough
11-11-2019,58,38,foxborough
11-12-2019,55,41,foxborough
11-13-2019,61,42,foxborough
11-14-2019,61,32,foxborough
11-15-2019,57,26,foxborough
11-16-2019,51,26,foxborough
11-17-2019,45,27,foxborough
11-18-2019,46,31,foxborough
11-19-2019,50,29,foxborough
11-20-2019,48,27,foxborough
11-21-2019,45,29,foxborough
11-22-2019,48,35,foxborough
11-23-2019,54,36,foxborough
11-24-2019,55,36,foxborough
11-25-2019,56,35,foxborough
11-26-2019,56,33,foxborough
11-27-2019,54,33,foxborough
11-28-2019,52,34,foxborough
11-29-2019,53,35,foxborough
11-30-2019,55,28,foxborough
12-01-2019,55,26,foxborough
12-02-2019,46,25,foxborough
12-03-2019,42,24,foxborough
12-04-2019,42,26,foxborough
12-05-2019,48,33,foxborough
12-06-2019,51,30,foxborough
12-07-2019,54,28,foxborough
12-08-2019,46,25,foxborough
12-09-2019,44,23,foxborough
12-10-2019,41,25,foxborough
12-11-2019,42,28,foxborough
12-12-2019,48,24,foxborough
12-13-2019,46,25,foxborough
12-14-2019,39,26,foxborough
12-15-2019,44,27,foxborough
12-16-2019,45,30,foxborough
12-17-2019,48,30,foxborough
12-18-2019,49,27,foxborough
12-19-2019,49,18,foxborough
12-20-2019,48,12,foxborough
12-21-2019,42,13,foxborough
12-22-2019,31,22,foxborough
12-23-2019,34,24,foxborough
12-24-2019,40,24,foxborough
12-25-2019,41,25,foxborough
12-26-2019,41,25,foxborough
12-27-2019,43,24,foxborough
12-28-2019,44,25,foxborough
12-29-2019,45,23,foxborough
12-30-2019,45,21,foxborough
12-31-2019,41,22,foxborough
10-01-2019,86,59,glendale
10-02-2019,89,60,glendale
10-03-2019,93,66,glendale
10-04-2019,94,67,glendale
10-05-2019,93,66,glendale
10-06-2019,93,66,glendale
10-07-2019,97,74,glendale
10-08-2019,95,68,glendale
10-09-2019,92,68,glendale
10-10-2019,88,68,glendale
10-11-2019,85,66,glendale
10-12-2019,88,61,glendale
10-13-2019,89,60,glendale
10-14-2019,88,59,glendale
10-15-2019,87,60,glendale
10-16-2019,88,59,glendale
10-17-2019,87,58,glendale
10-18-2019,85,64,glendale
10-19-2019,90,59,glendale
10-20-2019,87,59,glendale
10-21-2019,80,58,glendale
10-22-2019,82,58,glendale
10-23-2019,85,56,glendale
10-24-2019,86,60,glendale
10-25-2019,86,61,glendale
10-26-2019,86,60,glendale
10-27-2019,85,59,glendale
10-28-2019,85,61,glendale
10-29-2019,85,59,glendale
10-30-2019,85,57,glendale
10-31-2019,79,54,glendale
11-01-2019,76,51,glendale
11-02-2019,73,51,glendale
11-03-2019,83,56,glendale
11-04-2019,85,50,glendale
11-05-2019,76,51,glendale
11-06-2019,78,52,glendale
11-07-2019,78,50,glendale
11-08-2019,78,53,glendale
11-09-2019,78,51,glendale
11-10-2019,78,48,glendale
11-11-2019,77,52,glendale
11-12-2019,77,48,glendale
11-13-2019,70,48,glendale
11-14-2019,74,50,glendale
11-15-2019,78,49,glendale
11-16-2019,77,48,glendale
11-17-2019,75,49,glendale
11-18-2019,76,50,glendale
11-19-2019,72,44,glendale
11-20-2019,73,43,glendale
11-21-2019,72,42,glendale
11-22-2019,72,41,glendale
11-23-2019,72,43,glendale
11-24-2019,71,42,glendale
11-25-2019,71,51,glendale
11-26-2019,74,38,glendale
11-27-2019,66,38,glendale
11-28-2019,64,39,glendale
11-29-2019,64,39,glendale
11-30-2019,68,42,glendale
12-01-2019,72,42,glendale
12-02-2019,72,46,glendale
12-03-2019,74,48,glendale
12-04-2019,76,44,glendale
12-05-2019,72,41,glendale
12-06-2019,73,44,glendale
12-07-2019,71,45,glendale
12-08-2019,69,39,glendale
12-09-2019,62,37,glendale
12-10-2019,62,45,glendale
12-11-2019,61,43,glendale
12-12-2019,67,52,glendale
12-13-2019,72,50,glendale
12-14-2019,65,43,glendale
12-15-2019,63,38,glendale
12-16-2019,60,35,glendale
12-17-2019,59,34,glendale
12-18-2019,59,36,glendale
12-19-2019,60,37,glendale
12-20-2019,61,38,glendale
12-21-2019,62,38,glendale
12-22-2019,62,39,glendale
12-23-2019,63,41,glendale
12-24-2019,64,42,glendale
12-25-2019,63,38,glendale
12-26-2019,60,35,glendale
12-27-2019,59,38,glendale
12-28-2019,60,36,glendale
12-29-2019,59,35,glendale
12-30-2019,61,36,glendale
12-31-2019,60,37,glendale
10-01-2019,86,64,landover
10-02-2019,95,68,landover
10-03-2019,79,71,landover
10-04-2019,68,59,landover
10-05-2019,76,65,landover
10-06-2019,79,57,landover
10-07-2019,69,50,landover
10-08-2019,70,51,landover
10-09-2019,65,54,landover
10-10-2019,73,50,landover
10-11-2019,72,48,landover
10-12-2019,68,48,landover
10-13-2019,71,50,landover
10-14-2019,72,49,landover
10-15-2019,74,52,landover
10-16-2019,75,54,landover
10-17-2019,74,53,landover
10-18-2019,63,37,landover
10-19-2019,63,45,landover
10-20-2019,73,51,landover
10-21-2019,73,50,landover
10-22-2019,72,47,landover
10-23-2019,69,48,landover
10-24-2019,68,45,landover
10-25-2019,63,45,landover
10-26-2019,63,46,landover
10-27-2019,68,46,landover
10-28-2019,63,44,landover
10-29-2019,62,48,landover
10-30-2019,69,49,landover
10-31-2019,70,50,landover
11-01-2019,70,50,landover
11-02-2019,70,43,landover
11-03-2019,61,32,landover
11-04-2019,55,37,landover
11-05-2019,59,37,landover
11-06-2019,58,47,landover
11-07-2019,64,50,landover
11-08-2019,66,41,landover
11-09-2019,65,42,landover
11-10-2019,61,40,landover
11-11-2019,66,42,landover
11-12-2019,65,49,landover
11-13-2019,69,48,landover
11-14-2019,69,39,landover
11-15-2019,64,33,landover
11-16-2019,52,31,landover
11-17-2019,51,35,landover
11-18-2019,53,39,landover
11-19-2019,54,33,landover
11-20-2019,55,32,landover
11-21-2019,53,36,landover
11-22-2019,56,44,landover
11-23-2019,59,45,landover
11-24-2019,64,44,landover
11-25-2019,65,37,landover
11-26-2019,62,36,landover
11-27-2019,55,42,landover
11-28-2019,60,44,landover
11-29-2019,61,35,landover
11-30-2019,61,28,landover
12-01-2019,60,27,landover
12-02-2019,45,27,landover
12-03-2019,44,28,landover
12-04-2019,46,32,landover
12-05-2019,49,37,landover
12-06-2019,59,30,landover
12-07-2019,59,34,landover
12-08-2019,46,29,landover
12-09-2019,47,27,landover
12-10-2019,46,37,landover
12-11-2019,49,32,landover
12-12-2019,56,29,landover
12-13-2019,49,33,landover
12-14-2019,45,36,landover
12-15-2019,53,38,landover
12-16-2019,56,39,landover
12-17-2019,57,40,landover
12-18-2019,56,36,landover
12-19-2019,58,25,landover
12-20-2019,54,18,landover
12-21-2019,42,20,landover
12-22-2019,36,28,landover
12-23-2019,38,27,landover
12-24-2019,43,29,landover
12-25-2019,46,32,landover
12-26-2019,47,33,landover
12-27-2019,50,34,landover
12-28-2019,52,34,landover
12-29-2019,52,30,landover
12-30-2019,50,32,landover
12-31-2019,48,28,landover
10-01-2019,90,79,miami-gardens
10-02-2019,86,78,miami-gardens
10-03-2019,88,76,miami-gardens
10-04-2019,89,74,miami-gardens
10-05-2019,89,78,miami-gardens
10-06-2019,88,77,miami-gardens
10-07-2019,89,76,miami-gardens
10-08-2019,86,76,miami-gardens
10-09-2019,88,75,miami-gardens
10-10-2019,87,77,miami-gardens
10-11-2019,88,75,miami-gardens
10-12-2019,87,75,miami-gardens
10-13-2019,87,74,miami-gardens
10-14-2019,87,74,miami-gardens
10-15-2019,86,73,miami-gardens
10-16-2019,85,73,miami-gardens
10-17-2019,86,74,miami-gardens
10-18-2019,83,75,miami-gardens
10-19-2019,86,72,miami-gardens
10-20-2019,85,73,miami-gardens
10-21-2019,82,74,miami-gardens
10-22-2019,83,74,miami-gardens
10-23-2019,81,74,miami-gardens
10-24-2019,82,74,miami-gardens
10-25-2019,83,72,miami-gardens
10-26-2019,83,71,miami-gardens
10-27-2019,82,72,miami-gardens
10-28-2019,81,70,miami-gardens
10-29-2019,82,70,miami-gardens
10-30-2019,80,69,miami-gardens
10-31-2019,81,72,miami-gardens
11-01-2019,82,72,miami-gardens
11-02-2019,81,71,miami-gardens
11-03-2019,82,67,miami-gardens
11-04-2019,80,68,miami-gardens
11-05-2019,82,68,miami-gardens
11-06-2019,82,69,miami-gardens
11-07-2019,81,69,miami-gardens
11-08-2019,82,70,miami-gardens
11-09-2019,83,69,miami-gardens
11-10-2019,83,70,miami-gardens
11-11-2019,84,71,miami-gardens
11-12-2019,83,71,miami-gardens
11-13-2019,84,69,miami-gardens
11-14-2019,84,65,miami-gardens
11-15-2019,85,64,miami-gardens
11-16-2019,81,64,miami-gardens
11-17-2019,78,65,miami-gardens
11-18-2019,78,65,miami-gardens
11-19-2019,78,66,miami-gardens
11-20-2019,78,65,miami-gardens
11-21-2019,77,66,miami-gardens
11-22-2019,79,66,miami-gardens
11-23-2019,81,67,miami-gardens
11-24-2019,81,67,miami-gardens
11-25-2019,80,66,miami-gardens
11-26-2019,82,67,miami-gardens
11-27-2019,82,67,miami-gardens
11-28-2019,81,66,miami-gardens
11-29-2019,82,66,miami-gardens
11-30-2019,81,61,miami-gardens
12-01-2019,82,59,miami-gardens
12-02-2019,75,59,miami-gardens
12-03-2019,74,63,miami-gardens
12-04-2019,75,64,miami-gardens
12-05-2019,77,60,miami-gardens
12-06-2019,80,59,miami-gardens
12-07-2019,75,63,miami-gardens
12-08-2019,75,65,miami-gardens
12-09-2019,80,66,miami-gardens
12-10-2019,79,66,miami-gardens
12-11-2019,80,65,miami-gardens
12-12-2019,80,61,miami-gardens
12-13-2019,79,64,miami-gardens
12-14-2019,76,64,miami-gardens
12-15-2019,79,63,miami-gardens
12-16-2019,79,64,miami-gardens
12-17-2019,78,64,miami-gardens
12-18-2019,80,63,miami-gardens
12-19-2019,80,64,miami-gardens
12-20-2019,79,64,miami-gardens
12-21-2019,80,58,miami-gardens
12-22-2019,80,56,miami-gardens
12-23-2019,77,55,miami-gardens
12-24-2019,71,57,miami-gardens
12-25-2019,73,57,miami-gardens
12-26-2019,73,59,miami-gardens
12-27-2019,74,61,miami-gardens
12-28-2019,76,61,miami-gardens
12-29-2019,78,62,miami-gardens
12-30-2019,78,62,miami-gardens
12-31-2019,79,63,miami-gardens
10-01-2019,81,63,orchard-park
10-02-2019,68,49,orchard-park
10-03-2019,55,48,orchard-park
10-04-2019,54,44,orchard-park
10-05-2019,63,52,orchard-park
10-06-2019,68,52,orchard-park
10-07-2019,60,45,orchard-park
10-08-2019,61,42,orchard-park
10-09-2019,68,44,orchard-park
10-10-2019,67,49,orchard-park
10-11-2019,67,47,orchard-park
10-12-2019,56,38,orchard-park
10-13-2019,55,39,orchard-park
10-14-2019,56,40,orchard-park
10-15-2019,57,41,orchard-park
10-16-2019,59,42,orchard-park
10-17-2019,58,43,orchard-park
10-18-2019,65,47,orchard-park
10-19-2019,49,31,orchard-park
10-20-2019,49,38,orchard-park
10-21-2019,64,43,orchard-park
10-22-2019,61,43,orchard-park
10-23-2019,62,39,orchard-park
10-24-2019,58,38,orchard-park
10-25-2019,56,37,orchard-park
10-26-2019,53,37,orchard-park
10-27-2019,53,35,orchard-park
10-28-2019,50,41,orchard-park
10-29-2019,51,40,orchard-park
10-30-2019,54,41,orchard-park
10-31-2019,58,42,orchard-park
11-01-2019,59,41,orchard-park
11-02-2019,58,41,orchard-park
11-03-2019,45,27,orchard-park
11-04-2019,42,28,orchard-park
11-05-2019,45,31,orchard-park
11-06-2019,45,39,orchard-park
11-07-2019,52,37,orchard-park
11-08-2019,54,31,orchard-park
11-09-2019,53,39,orchard-park
11-10-2019,52,39,orchard-park
11-11-2019,55,40,orchard-park
11-12-2019,55,41,orchard-park
11-13-2019,56,35,orchard-park
11-14-2019,57,27,orchard-park
11-15-2019,48,25,orchard-park
11-16-2019,39,26,orchard-park
11-17-2019,39,33,orchard-park
11-18-2019,44,27,orchard-park
11-19-2019,44,23,orchard-park
11-20-2019,39,27,orchard-park
11-21-2019,42,33,orchard-park
11-22-2019,47,35,orchard-park
11-23-2019,49,34,orchard-park
11-24-2019,49,32,orchard-park
11-25-2019,50,34,orchard-park
11-26-2019,52,33,orchard-park
11-27-2019,45,34,orchard-park
11-28-2019,48,34,orchard-park
11-29-2019,51,28,orchard-park
11-30-2019,51,25,orchard-park
12-01-2019,39,25,orchard-park
12-02-2019,35,26,orchard-park
12-03-2019,35,25,orchard-park
12-04-2019,36,29,orchard-park
12-05-2019,38,32,orchard-park
12-06-2019,47,27,orchard-park
12-07-2019,47,27,orchard-park
12-08-2019,37,23,orchard-park
12-09-2019,36,23,orchard-park
12-10-2019,35,29,orchard-park
12-11-2019,37,26,orchard-park
12-12-2019,43,26,orchard-park
12-13-2019,36,28,orchard-park
12-14-2019,36,29,orchard-park
12-15-2019,41,30,orchard-park
12-16-2019,43,32,orchard-park
12-17-2019,46,28,orchard-park
12-18-2019,45,25,orchard-park
12-19-2019,44,10,orchard-park
12-20-2019,36,10,orchard-park
12-21-2019,28,12,orchard-park
12-22-2019,24,16,orchard-park
12-23-2019,28,21,orchard-park
12-24-2019,35,22,orchard-park
12-25-2019,38,23,orchard-park
12-26-2019,37,24,orchard-park
12-27-2019,39,25,orchard-park
12-28-2019,39,25,orchard-park
12-29-2019,41,24,orchard-park
12-30-2019,38,23,orchard-park
12-31-2019,37,20,orchard-park
10-01-2019,71,45,santa-clara
10-02-2019,77,47,santa-clara
10-03-2019,74,48,santa-clara
10-04-2019,74,48,santa-clara
10-05-2019,81,52,santa-clara
10-06-2019,85,54,santa-clara
10-07-2019,86,53,santa-clara
10-08-2019,81,51,santa-clara
10-09-2019,75,48,santa-clara
10-10-2019,77,49,santa-clara
10-11-2019,77,53,santa-clara
10-12-2019,77,53,santa-clara
10-13-2019,76,51,santa-clara
10-14-2019,75,51,santa-clara
10-15-2019,76,52,santa-clara
10-16-2019,76,53,santa-clara
10-17-2019,78,52,santa-clara
10-18-2019,72,52,santa-clara
10-19-2019,80,53,santa-clara
10-20-2019,77,54,santa-clara
10-21-2019,78,55,santa-clara
10-22-2019,78,56,santa-clara
10-23-2019,77,53,santa-clara
10-24-2019,77,55,santa-clara
10-25-2019,76,55,santa-clara
10-26-2019,73,53,santa-clara
10-27-2019,72,54,santa-clara
10-28-2019,75,53,santa-clara
10-29-2019,76,55,santa-clara
10-30-2019,75,54,santa-clara
10-31-2019,75,54,santa-clara
11-01-2019,74,53,santa-clara
11-02-2019,73,51,santa-clara
11-03-2019,74,51,santa-clara
11-04-2019,74,49,santa-clara
11-05-2019,71,49,santa-clara
11-06-2019,70,48,santa-clara
11-07-2019,71,48,santa-clara
11-08-2019,71,48,santa-clara
11-09-2019,70,47,santa-clara
11-10-2019,70,47,santa-clara
11-11-2019,69,48,santa-clara
11-12-2019,67,46,santa-clara
11-13-2019,68,48,santa-clara
11-14-2019,68,47,santa-clara
11-15-2019,71,47,santa-clara
11-16-2019,69,46,santa-clara
11-17-2019,69,43,santa-clara
11-18-2019,66,46,santa-clara
11-19-2019,65,46,santa-clara
11-20-2019,64,47,santa-clara
11-21-2019,65,46,santa-clara
11-22-2019,67,46,santa-clara
11-23-2019,65,45,santa-clara
11-24-2019,63,46,santa-clara
11-25-2019,66,41,santa-clara
11-26-2019,61,40,santa-clara
11-27-2019,61,40,santa-clara
11-28-2019,60,41,santa-clara
11-29-2019,61,47,santa-clara
11-30-2019,65,47,santa-clara
12-01-2019,65,43,santa-clara
12-02-2019,61,45,santa-clara
12-03-2019,65,47,santa-clara
12-04-2019,66,48,santa-clara
12-05-2019,68,46,santa-clara
12-06-2019,62,46,santa-clara
12-07-2019,61,44,santa-clara
12-08-2019,61,41,santa-clara
12-09-2019,62,45,santa-clara
12-10-2019,58,40,santa-clara
12-11-2019,61,41,santa-clara
12-12-2019,61,46,santa-clara
12-13-2019,64,42,santa-clara
12-14-2019,58,40,santa-clara
12-15-2019,57,40,santa-clara
12-16-2019,57,37,santa-clara
12-17-2019,58,36,santa-clara
12-18-2019,58,38,santa-clara
12-19-2019,59,41,santa-clara
12-20-2019,63,40,santa-clara
12-21-2019,64,39,santa-clara
12-22-2019,64,40,santa-clara
12-23-2019,63,41,santa-clara
12-24-2019,57,40,santa-clara
12-25-2019,56,36,santa-clara
12-26-2019,55,36,santa-clara
12-27-2019,55,44,santa-clara
12-28-2019,54,44,santa-clara
12-29-2019,57,40,santa-clara
12-30-2019,57,40,santa-clara
12-31-2019,56,41,santa-clara
10-01-2019,93,74,atlanta
10-02-2019,96,74,atlanta
10-03-2019,98,75,atlanta
10-04-2019,97,75,atlanta
10-05-2019,84,66,atlanta
10-06-2019,78,65,atlanta
10-07-2019,84,63,atlanta
10-08-2019,82,61,atlanta
10-09-2019,81,61,atlanta
10-10-2019,81,59,atlanta
10-11-2019,82,61,atlanta
10-12-2019,72,46,atlanta
10-13-2019,76,51,atlanta
10-14-2019,79,53,atlanta
10-15-2019,80,54,atlanta
10-16-2019,80,56,atlanta
10-17-2019,79,57,atlanta
10-18-2019,80,57,atlanta
10-19-2019,81,58,atlanta
10-20-2019,70,50,atlanta
10-21-2019,76,55,atlanta
10-22-2019,76,55,atlanta
10-23-2019,75,52,atlanta
10-24-2019,74,52,atlanta
10-25-2019,72,48,atlanta
10-26-2019,65,44,atlanta
10-27-2019,69,48,atlanta
10-28-2019,70,46,atlanta
10-29-2019,69,49,atlanta
10-30-2019,69,51,atlanta
10-31-2019,72,52,atlanta
11-01-2019,74,54,atlanta
11-02-2019,72,53,atlanta
11-03-2019,61,36,atlanta
11-04-2019,59,40,atlanta
11-05-2019,63,41,atlanta
11-06-2019,64,43,atlanta
11-07-2019,66,49,atlanta
11-08-2019,71,46,atlanta
11-09-2019,73,43,atlanta
11-10-2019,68,45,atlanta
11-11-2019,71,45,atlanta
11-12-2019,70,54,atlanta
11-13-2019,73,50,atlanta
11-14-2019,73,41,atlanta
11-15-2019,67,35,atlanta
11-16-2019,57,36,atlanta
11-17-2019,57,38,atlanta
11-18-2019,59,41,atlanta
11-19-2019,59,40,atlanta
11-20-2019,60,38,atlanta
11-21-2019,59,40,atlanta
11-22-2019,58,45,atlanta
11-23-2019,65,47,atlanta
11-24-2019,66,42,atlanta
11-25-2019,66,37,atlanta
11-26-2019,62,44,atlanta
11-27-2019,62,48,atlanta
11-28-2019,61,46,atlanta
11-29-2019,67,32,atlanta
11-30-2019,65,29,atlanta
12-01-2019,49,28,atlanta
12-02-2019,49,30,atlanta
12-03-2019,48,32,atlanta
12-04-2019,50,41,atlanta
12-05-2019,51,31,atlanta
12-06-2019,59,29,atlanta
12-07-2019,46,41,atlanta
12-08-2019,49,40,atlanta
12-09-2019,56,39,atlanta
12-10-2019,56,43,atlanta
12-11-2019,52,34,atlanta
12-12-2019,61,29,atlanta
12-13-2019,49,38,atlanta
12-14-2019,54,41,atlanta
12-15-2019,58,42,atlanta
12-16-2019,61,45,atlanta
12-17-2019,60,45,atlanta
12-18-2019,60,42,atlanta
12-19-2019,62,32,atlanta
12-20-2019,60,25,atlanta
12-21-2019,47,23,atlanta
12-22-2019,42,27,atlanta
12-23-2019,43,27,atlanta
12-24-2019,45,29,atlanta
12-25-2019,48,33,atlanta
12-26-2019,52,38,atlanta
12-27-2019,56,40,atlanta
12-28-2019,58,33,atlanta
12-29-2019,57,35,atlanta
12-30-2019,52,37,atlanta
12-31-2019,51,38,atlanta
