Match Info,Guest Team,Host Team,Date,Time,Stadium,Address,City,State,Zip,Lowest Ticket Price,Ticket Website
Atlanta Falcons at Arizona Cardinals,Atlanta Falcons,Arizona Cardinals,2019/10/13,13:05,State Farm Stadium,1 Cardinals Drive,Glendale,AZ,85303,16,https://www.vividseats.com/nfl/arizona-cardinals-tickets/cardinals-1-4-3001927.html
San Francisco 49ers at Arizona Cardinals,San Francisco 49ers,Arizona Cardinals,2019/10/31,17:20,State Farm Stadium,1 Cardinals Drive,Glendale,AZ,85303,27,https://www.vividseats.com/nfl/arizona-cardinals-tickets/cardinals-1-3-3001926.html
Los Angeles Rams at Arizona Cardinals,Los Angeles Rams,Arizona Cardinals,2019/12/1,14:05,State Farm Stadium,1 Cardinals Drive,Glendale,AZ,85303,28,https://www.vividseats.com/nfl/arizona-cardinals-tickets/cardinals-1-2-3001925.html
Pittsburgh Steelers at Arizona Cardinals,Pittsburgh Steelers,Arizona Cardinals,2019/12/8,14:25,State Farm Stadium,1 Cardinals Drive,Glendale,AZ,85303,119,https://www.vividseats.com/nfl/arizona-cardinals-tickets/cardinals-1-7-3001930.html
Cleveland Browns at Arizona Cardinals,Cleveland Browns,Arizona Cardinals,2019/12/15,14:05,State Farm Stadium,1 Cardinals Drive,Glendale,AZ,85303,50,https://www.vividseats.com/nfl/arizona-cardinals-tickets/cardinals-1-8-3001931.html
Los Angeles Rams at Atlanta Falcons,Los Angeles Rams,Atlanta Falcons,2019/10/20,13:00,Mercedes-Benz Stadium,441 M.L.K. Jr Dr NW,Atlanta,GA,30313,60,https://www.vividseats.com/nfl/atlanta-falcons-tickets/falcons-1-4-3001964.html
Seattle Seahawks at Atlanta Falcons,Seattle Seahawks,Atlanta Falcons,2019/10/27,13:00,Mercedes-Benz Stadium,441 M.L.K. Jr Dr NW,Atlanta,GA,30313,65,https://www.vividseats.com/nfl/atlanta-falcons-tickets/falcons-1-5-3001965.html
Tampa Bay Buccaneers at Atlanta Falcons,Tampa Bay Buccaneers,Atlanta Falcons,2019/11/24,13:00,Mercedes-Benz Stadium,441 M.L.K. Jr Dr NW,Atlanta,GA,30313,38,https://www.vividseats.com/nfl/atlanta-falcons-tickets/falcons-1-3-3001963.html
New Orleans Saints at Atlanta Falcons,New Orleans Saints,Atlanta Falcons,2019/11/28,20:20,Mercedes-Benz Stadium,441 M.L.K. Jr Dr NW,Atlanta,GA,30313,114,https://www.vividseats.com/nfl/atlanta-falcons-tickets/falcons-1-2-3001962.html
Carolina Panthers at Atlanta Falcons,Carolina Panthers,Atlanta Falcons,2019/12/8,13:00,Mercedes-Benz Stadium,441 M.L.K. Jr Dr NW,Atlanta,GA,30313,65,https://www.vividseats.com/nfl/atlanta-falcons-tickets/falcons-1-1-3001961.html
Jacksonville Jaguars at Atlanta Falcons,Jacksonville Jaguars,Atlanta Falcons,2019/12/22,13:00,Mercedes-Benz Stadium,441 M.L.K. Jr Dr NW,Atlanta,GA,30313,41,https://www.vividseats.com/nfl/atlanta-falcons-tickets/falcons-1-7-3001967.html
Cincinnati Bengals at Baltimore Ravens,Cincinnati Bengals,Baltimore Ravens,2019/10/13,13:00,M&T Bank Stadium,1101 Russell St.,Baltimore,MD,21230,43,https://www.vividseats.com/nfl/baltimore-ravens-tickets/ravens-1-1-3001972.html
New England Patriots at Baltimore Ravens,New England Patriots,Baltimore Ravens,2019/11/3,20:20,M&T Bank Stadium,1101 Russell St.,Baltimore,MD,21230,131,https://www.vividseats.com/nfl/baltimore-ravens-tickets/ravens-1-4-3001975.html
Houston Texans at Baltimore Ravens,Houston Texans,Baltimore Ravens,2019/11/17,13:00,M&T Bank Stadium,1101 Russell St.,Baltimore,MD,21230,35,https://www.vividseats.com/nfl/baltimore-ravens-tickets/ravens-1-6-3001977.html
San Francisco 49ers at Baltimore Ravens,San Francisco 49ers,Baltimore Ravens,2019/12/1,13:00,M&T Bank Stadium,1101 Russell St.,Baltimore,MD,21230,36,https://www.vividseats.com/nfl/baltimore-ravens-tickets/ravens-1-8-3001979.html
New York Jets at Baltimore Ravens,New York Jets,Baltimore Ravens,2019/12/12,20:20,M&T Bank Stadium,1101 Russell St.,Baltimore,MD,21230,29,https://www.vividseats.com/nfl/baltimore-ravens-tickets/ravens-1-5-3001976.html
Pittsburgh Steelers at Baltimore Ravens,Pittsburgh Steelers,Baltimore Ravens,2019/12/29,13:00,M&T Bank Stadium,1101 Russell St.,Baltimore,MD,21230,78,https://www.vividseats.com/nfl/baltimore-ravens-tickets/ravens-1-3-3001974.html
Miami Dolphins at Buffalo Bills,Miami Dolphins,Buffalo Bills,2019/10/20,13:00,New Era Field,1 Bills Dr.,Orchard Park,NY,14127,67,https://www.vividseats.com/nfl/buffalo-bills-tickets/bills-1-1-3001984.html
Philadelphia Eagles at Buffalo Bills,Philadelphia Eagles,Buffalo Bills,2019/10/27,13:00,New Era Field,1 Bills Dr.,Orchard Park,NY,14127,112,https://www.vividseats.com/nfl/buffalo-bills-tickets/bills-1-7-3001990.html
Washington Redskins at Buffalo Bills,Washington Redskins,Buffalo Bills,2019/11/3,13:00,New Era Field,1 Bills Dr.,Orchard Park,NY,14127,50,https://www.vividseats.com/nfl/buffalo-bills-tickets/bills-1-8-3001991.html
Denver Broncos at Buffalo Bills,Denver Broncos,Buffalo Bills,2019/11/24,13:00,New Era Field,1 Bills Dr.,Orchard Park,NY,14127,33,https://www.vividseats.com/nfl/buffalo-bills-tickets/bills-1-6-3001989.html
Baltimore Ravens at Buffalo Bills,Baltimore Ravens,Buffalo Bills,2019/12/8,13:00,New Era Field,1 Bills Dr.,Orchard Park,NY,14127,26,https://www.vividseats.com/nfl/buffalo-bills-tickets/bills-1-4-3001987.html
New York Jets at Buffalo Bills,New York Jets,Buffalo Bills,2019/12/29,13:00,New Era Field,1 Bills Dr.,Orchard Park,NY,14127,25,https://www.vividseats.com/nfl/buffalo-bills-tickets/bills-1-3-3001986.html
Tennessee Titans at Carolina Panthers,Tennessee Titans,Carolina Panthers,2019/11/3,13:00,Bank of America Stadium,800 S. Mint St.,Charlotte,NC,28202,42,https://www.vividseats.com/nfl/carolina-panthers-tickets/panthers-1-8-3002011.html
Atlanta Falcons at Carolina Panthers,Atlanta Falcons,Carolina Panthers,2019/11/17,13:00,Bank of America Stadium,800 S. Mint St.,Charlotte,NC,28202,50,https://www.vividseats.com/nfl/carolina-panthers-tickets/panthers-1-1-3002004.html
Washington Redskins at Carolina Panthers,Washington Redskins,Carolina Panthers,2019/12/1,13:00,Bank of America Stadium,800 S. Mint St.,Charlotte,NC,28202,54,https://www.vividseats.com/nfl/carolina-panthers-tickets/panthers-1-6-3002009.html
Seattle Seahawks at Carolina Panthers,Seattle Seahawks,Carolina Panthers,2019/12/15,13:00,Bank of America Stadium,800 S. Mint St.,Charlotte,NC,28202,56,https://www.vividseats.com/nfl/carolina-panthers-tickets/panthers-1-5-3002008.html
New Orleans Saints at Carolina Panthers,New Orleans Saints,Carolina Panthers,2019/12/29,13:00,Bank of America Stadium,800 S. Mint St.,Charlotte,NC,28202,54,https://www.vividseats.com/nfl/carolina-panthers-tickets/panthers-1-2-3002005.html
New Orleans Saints at Chicago Bears,New Orleans Saints,Chicago Bears,2019/10/20,15:25,Soldier Field,1410 Museum Campus Dr,Chicago,IL,60605,175,https://www.vividseats.com/nfl/chicago-bears-tickets/bears-1-6-3002044.html
Los Angeles Chargers at Chicago Bears,Los Angeles Chargers,Chicago Bears,2019/10/27,12:00,Soldier Field,1410 Museum Campus Dr,Chicago,IL,60605,170,https://www.vividseats.com/nfl/chicago-bears-tickets/bears-1-8-3002046.html
Detroit Lions at Chicago Bears,Detroit Lions,Chicago Bears,2019/11/10,12:00,Soldier Field,1410 Museum Campus Dr,Chicago,IL,60605,162,https://www.vividseats.com/nfl/chicago-bears-tickets/bears-1-2-3002040.html
New York Giants at Chicago Bears,New York Giants,Chicago Bears,2019/11/24,12:00,Soldier Field,1410 Museum Campus Dr,Chicago,IL,60605,108,https://www.vividseats.com/nfl/chicago-bears-tickets/bears-1-5-3002043.html
Dallas Cowboys at Chicago Bears,Dallas Cowboys,Chicago Bears,2019/12/5,19:20,Soldier Field,1410 Museum Campus Dr,Chicago,IL,60605,157,https://www.vividseats.com/nfl/chicago-bears-tickets/bears-1-4-3002042.html
Kansas City Chiefs at Chicago Bears,Kansas City Chiefs,Chicago Bears,2019/12/22,19:20,Soldier Field,1410 Museum Campus Dr,Chicago,IL,60605,121,https://www.vividseats.com/nfl/chicago-bears-tickets/bears-1-7-3002045.html
Jacksonville Jaguars at Cincinnati Bengals,Jacksonville Jaguars,Cincinnati Bengals,2019/10/20,13:00,Paul Brown Stadium,1 Paul Brown Stadium,Cincinnati,OH,45202,25,https://www.vividseats.com/nfl/cincinnati-bengals-tickets/bengals-1-6-3002065.html
Baltimore Ravens at Cincinnati Bengals,Baltimore Ravens,Cincinnati Bengals,2019/11/10,13:00,Paul Brown Stadium,1 Paul Brown Stadium,Cincinnati,OH,45202,29,https://www.vividseats.com/nfl/cincinnati-bengals-tickets/bengals-1-1-3002061.html
Pittsburgh Steelers at Cincinnati Bengals,Pittsburgh Steelers,Cincinnati Bengals,2019/11/24,13:00,Paul Brown Stadium,1 Paul Brown Stadium,Cincinnati,OH,45202,45,https://www.vividseats.com/nfl/cincinnati-bengals-tickets/bengals-1-3-3002063.html
New York Jets at Cincinnati Bengals,New York Jets,Cincinnati Bengals,2019/12/1,13:00,Paul Brown Stadium,1 Paul Brown Stadium,Cincinnati,OH,45202,24,https://www.vividseats.com/nfl/cincinnati-bengals-tickets/bengals-1-5-3002070.html
New England Patriots at Cincinnati Bengals,New England Patriots,Cincinnati Bengals,2019/12/15,13:00,Paul Brown Stadium,1 Paul Brown Stadium,Cincinnati,OH,45202,61,https://www.vividseats.com/nfl/cincinnati-bengals-tickets/bengals-1-4-3002064.html
Cleveland Browns at Cincinnati Bengals,Cleveland Browns,Cincinnati Bengals,2019/12/29,13:00,Paul Brown Stadium,1 Paul Brown Stadium,Cincinnati,OH,45202,55,https://www.vividseats.com/nfl/cincinnati-bengals-tickets/bengals-1-2-3002062.html
Seattle Seahawks at Cleveland Browns,Seattle Seahawks,Cleveland Browns,2019/10/13,13:00,FirstEnergy Stadium Cleveland,100 Alfred Lerner Way,Cleveland,OH,44114,128,https://www.vividseats.com/nfl/cleveland-browns-tickets/browns-1-8-3002090.html
Buffalo Bills at Cleveland Browns,Buffalo Bills,Cleveland Browns,2019/11/10,13:00,FirstEnergy Stadium Cleveland,100 Alfred Lerner Way,Cleveland,OH,44114,105,https://www.vividseats.com/nfl/cleveland-browns-tickets/browns-1-4-3002086.html
Pittsburgh Steelers at Cleveland Browns,Pittsburgh Steelers,Cleveland Browns,2019/11/14,20:20,FirstEnergy Stadium Cleveland,100 Alfred Lerner Way,Cleveland,OH,44114,101,https://www.vividseats.com/nfl/cleveland-browns-tickets/browns-1-3-3002085.html
Miami Dolphins at Cleveland Browns,Miami Dolphins,Cleveland Browns,2019/11/24,13:00,FirstEnergy Stadium Cleveland,100 Alfred Lerner Way,Cleveland,OH,44114,61,https://www.vividseats.com/nfl/cleveland-browns-tickets/browns-1-5-3002087.html
Cincinnati Bengals at Cleveland Browns,Cincinnati Bengals,Cleveland Browns,2019/12/8,13:00,FirstEnergy Stadium Cleveland,100 Alfred Lerner Way,Cleveland,OH,44114,57,https://www.vividseats.com/nfl/cleveland-browns-tickets/browns-1-1-3002083.html
Baltimore Ravens at Cleveland Browns,Baltimore Ravens,Cleveland Browns,2019/12/22,13:00,FirstEnergy Stadium Cleveland,100 Alfred Lerner Way,Cleveland,OH,44114,61,https://www.vividseats.com/nfl/cleveland-browns-tickets/browns-1-2-3002084.html
Philadelphia Eagles at Dallas Cowboys,Philadelphia Eagles,Dallas Cowboys,2019/10/20,19:20,AT&T Stadium,One AT&T Way,Arlington,TX,76011,84,https://www.vividseats.com/nfl/dallas-cowboys-tickets/cowboys-1-3-3001914.html
Minnesota Vikings at Dallas Cowboys,Minnesota Vikings,Dallas Cowboys,2019/11/10,19:20,AT&T Stadium,One AT&T Way,Arlington,TX,76011,57,https://www.vividseats.com/nfl/dallas-cowboys-tickets/cowboys-1-5-3001916.html
Buffalo Bills at Dallas Cowboys,Buffalo Bills,Dallas Cowboys,2019/11/28,15:30,AT&T Stadium,One AT&T Way,Arlington,TX,76011,39,https://www.vividseats.com/nfl/dallas-cowboys-tickets/cowboys-1-7-3001919.html
Los Angeles Rams at Dallas Cowboys,Los Angeles Rams,Dallas Cowboys,2019/12/15,15:25,AT&T Stadium,One AT&T Way,Arlington,TX,76011,56,https://www.vividseats.com/nfl/dallas-cowboys-tickets/cowboys-1-6-3001917.html
Washington Redskins at Dallas Cowboys,Washington Redskins,Dallas Cowboys,2019/12/29,12:00,AT&T Stadium,One AT&T Way,Arlington,TX,76011,44,https://www.vividseats.com/nfl/dallas-cowboys-tickets/cowboys-1-1-3001911.html
Tennessee Titans at Denver Broncos,Tennessee Titans,Denver Broncos,2019/10/13,14:25,Empower Field at Mile High,1900 Eliot St.,Denver,CO,80204,58,https://www.vividseats.com/nfl/denver-broncos-tickets/broncos-1-5-3001954.html
Kansas City Chiefs at Denver Broncos,Kansas City Chiefs,Denver Broncos,2019/10/17,18:20,Empower Field at Mile High,1900 Eliot St.,Denver,CO,80204,127,https://www.vividseats.com/nfl/denver-broncos-tickets/broncos-1-1-3001947.html
Cleveland Browns at Denver Broncos,Cleveland Browns,Denver Broncos,2019/11/3,14:25,Empower Field at Mile High,1900 Eliot St.,Denver,CO,80204,118,https://www.vividseats.com/nfl/denver-broncos-tickets/broncos-1-6-3001956.html
Los Angeles Chargers at Denver Broncos,Los Angeles Chargers,Denver Broncos,2019/12/1,14:25,Empower Field at Mile High,1900 Eliot St.,Denver,CO,80204,55,https://www.vividseats.com/nfl/denver-broncos-tickets/broncos-1-3-3001950.html
Oakland Raiders at Denver Broncos,Oakland Raiders,Denver Broncos,2019/12/29,14:25,Empower Field at Mile High,1900 Eliot St.,Denver,CO,80204,67,https://www.vividseats.com/nfl/denver-broncos-tickets/broncos-1-2-3001949.html
Minnesota Vikings at Detroit Lions,Minnesota Vikings,Detroit Lions,2019/10/20,13:00,Ford Field,2000 Brush Street,Detroit,MI,48226,42,https://www.vividseats.com/nfl/detroit-lions-tickets/lions-1-3-3002012.html
New York Giants at Detroit Lions,New York Giants,Detroit Lions,2019/10/27,13:00,Ford Field,2000 Brush Street,Detroit,MI,48226,42,https://www.vividseats.com/nfl/detroit-lions-tickets/lions-1-5-3002014.html
Dallas Cowboys at Detroit Lions,Dallas Cowboys,Detroit Lions,2019/11/17,13:00,Ford Field,2000 Brush Street,Detroit,MI,48226,103,https://www.vividseats.com/nfl/detroit-lions-tickets/lions-1-4-3002013.html
Chicago Bears at Detroit Lions,Chicago Bears,Detroit Lions,2019/11/28,12:30,Ford Field,2000 Brush Street,Detroit,MI,48226,86,https://www.vividseats.com/nfl/detroit-lions-tickets/lions-1-1-3002002.html
Tampa Bay Buccaneers at Detroit Lions,Tampa Bay Buccaneers,Detroit Lions,2019/12/15,13:00,Ford Field,2000 Brush Street,Detroit,MI,48226,33,https://www.vividseats.com/nfl/detroit-lions-tickets/lions-1-6-3002015.html
Green Bay Packers at Detroit Lions,Green Bay Packers,Detroit Lions,2019/12/29,13:00,Ford Field,2000 Brush Street,Detroit,MI,48226,52,https://www.vividseats.com/nfl/detroit-lions-tickets/lions-1-2-3002003.html
Detroit Lions at Green Bay Packers,Detroit Lions,Green Bay Packers,2019/10/14,19:15,Lambeau Field,1265 Lombardi Ave.,Green Bay,WI,54307,102,https://www.vividseats.com/nfl/green-bay-packers-tickets/packers-1-2-3002027.html
Oakland Raiders at Green Bay Packers,Oakland Raiders,Green Bay Packers,2019/10/20,12:00,Lambeau Field,1265 Lombardi Ave.,Green Bay,WI,54307,136,https://www.vividseats.com/nfl/green-bay-packers-tickets/packers-1-8-3002036.html
Carolina Panthers at Green Bay Packers,Carolina Panthers,Green Bay Packers,2019/11/10,12:00,Lambeau Field,1265 Lombardi Ave.,Green Bay,WI,54307,119,https://www.vividseats.com/nfl/green-bay-packers-tickets/packers-1-6-3002032.html
Washington Redskins at Green Bay Packers,Washington Redskins,Green Bay Packers,2019/12/8,12:00,Lambeau Field,1265 Lombardi Ave.,Green Bay,WI,54307,85,https://www.vividseats.com/nfl/green-bay-packers-tickets/packers-1-5-3002030.html
Chicago Bears at Green Bay Packers,Chicago Bears,Green Bay Packers,2019/12/15,12:00,Lambeau Field,1265 Lombardi Ave.,Green Bay,WI,54307,130,https://www.vividseats.com/nfl/green-bay-packers-tickets/packers-1-1-3002025.html
Oakland Raiders at Houston Texans,Oakland Raiders,Houston Texans,2019/10/27,12:00,NRG Stadium,8400 Kirby Dr.,Houston,TX,77054,60,https://www.vividseats.com/nfl/houston-texans-tickets/texans-1-5-3002052.html
Indianapolis Colts at Houston Texans,Indianapolis Colts,Houston Texans,2019/11/21,19:20,NRG Stadium,8400 Kirby Dr.,Houston,TX,77054,36,https://www.vividseats.com/nfl/houston-texans-tickets/texans-1-1-3002048.html
New England Patriots at Houston Texans,New England Patriots,Houston Texans,2019/12/1,19:20,NRG Stadium,8400 Kirby Dr.,Houston,TX,77054,148,https://www.vividseats.com/nfl/houston-texans-tickets/texans-1-6-3002053.html
Denver Broncos at Houston Texans,Denver Broncos,Houston Texans,2019/12/8,12:00,NRG Stadium,8400 Kirby Dr.,Houston,TX,77054,49,https://www.vividseats.com/nfl/houston-texans-tickets/texans-1-4-3002051.html
Tennessee Titans at Houston Texans,Tennessee Titans,Houston Texans,2019/12/29,12:00,NRG Stadium,8400 Kirby Dr.,Houston,TX,77054,42,https://www.vividseats.com/nfl/houston-texans-tickets/texans-1-3-3002050.html
Houston Texans at Indianapolis Colts,Houston Texans,Indianapolis Colts,2019/10/20,13:00,Lucas Oil Stadium,500 S Capitol Ave,Indianapolis,IN,46204,30,https://www.vividseats.com/nfl/indianapolis-colts-tickets/colts-1-3-3002069.html
Denver Broncos at Indianapolis Colts,Denver Broncos,Indianapolis Colts,2019/10/27,16:25,Lucas Oil Stadium,500 S Capitol Ave,Indianapolis,IN,46204,36,https://www.vividseats.com/nfl/indianapolis-colts-tickets/colts-1-4-3002071.html
Miami Dolphins at Indianapolis Colts,Miami Dolphins,Indianapolis Colts,2019/11/10,16:05,Lucas Oil Stadium,500 S Capitol Ave,Indianapolis,IN,46204,31,https://www.vividseats.com/nfl/indianapolis-colts-tickets/colts-1-6-3002074.html
Jacksonville Jaguars at Indianapolis Colts,Jacksonville Jaguars,Indianapolis Colts,2019/11/17,13:00,Lucas Oil Stadium,500 S Capitol Ave,Indianapolis,IN,46204,28,https://www.vividseats.com/nfl/indianapolis-colts-tickets/colts-1-1-3002059.html
Tennessee Titans at Indianapolis Colts,Tennessee Titans,Indianapolis Colts,2019/12/1,13:00,Lucas Oil Stadium,500 S Capitol Ave,Indianapolis,IN,46204,28,https://www.vividseats.com/nfl/indianapolis-colts-tickets/colts-1-2-3002060.html
Carolina Panthers at Indianapolis Colts,Carolina Panthers,Indianapolis Colts,2019/12/22,13:00,Lucas Oil Stadium,500 S Capitol Ave,Indianapolis,IN,46204,38,https://www.vividseats.com/nfl/indianapolis-colts-tickets/colts-1-8-3002076.html
New Orleans Saints at Jacksonville Jaguars,New Orleans Saints,Jacksonville Jaguars,2019/10/13,13:00,TIAA Bank Field,1 EverBank Field Drive,Jacksonville,FL,32202,43,https://www.vividseats.com/nfl/jacksonville-jaguars-tickets/jaguars-1-7-3002097.html
New York Jets at Jacksonville Jaguars,New York Jets,Jacksonville Jaguars,2019/10/27,13:00,TIAA Bank Field,1 EverBank Field Drive,Jacksonville,FL,32202,26,https://www.vividseats.com/nfl/jacksonville-jaguars-tickets/jaguars-1-5-3002095.html
Tampa Bay Buccaneers at Jacksonville Jaguars,Tampa Bay Buccaneers,Jacksonville Jaguars,2019/12/1,13:00,TIAA Bank Field,1 EverBank Field Drive,Jacksonville,FL,32202,30,https://www.vividseats.com/nfl/jacksonville-jaguars-tickets/jaguars-1-6-3002096.html
Los Angeles Chargers at Jacksonville Jaguars,Los Angeles Chargers,Jacksonville Jaguars,2019/12/8,16:05,TIAA Bank Field,1 EverBank Field Drive,Jacksonville,FL,32202,20,https://www.vividseats.com/nfl/jacksonville-jaguars-tickets/jaguars-1-3-3002093.html
Indianapolis Colts at Jacksonville Jaguars,Indianapolis Colts,Jacksonville Jaguars,2019/12/29,13:00,TIAA Bank Field,1 EverBank Field Drive,Jacksonville,FL,32202,23,https://www.vividseats.com/nfl/jacksonville-jaguars-tickets/jaguars-1-1-3002091.html
Houston Texans at Kansas City Chiefs,Houston Texans,Kansas City Chiefs,2019/10/13,12:00,Arrowhead Stadium,1 Arrowhead Dr.,Kansas City,MO,64129,139,https://www.vividseats.com/nfl/kansas-city-chiefs-tickets/chiefs-1-4-3002113.html
Green Bay Packers at Kansas City Chiefs,Green Bay Packers,Kansas City Chiefs,2019/10/27,19:20,Arrowhead Stadium,1 Arrowhead Dr.,Kansas City,MO,64129,255,https://www.vividseats.com/nfl/kansas-city-chiefs-tickets/chiefs-1-7-3002117.html
Minnesota Vikings at Kansas City Chiefs,Minnesota Vikings,Kansas City Chiefs,2019/11/3,12:00,Arrowhead Stadium,1 Arrowhead Dr.,Kansas City,MO,64129,202,https://www.vividseats.com/nfl/kansas-city-chiefs-tickets/chiefs-1-8-3002118.html
Oakland Raiders at Kansas City Chiefs,Oakland Raiders,Kansas City Chiefs,2019/12/1,12:00,Arrowhead Stadium,1 Arrowhead Dr.,Kansas City,MO,64129,110,https://www.vividseats.com/nfl/kansas-city-chiefs-tickets/chiefs-1-2-3002111.html
Denver Broncos at Kansas City Chiefs,Denver Broncos,Kansas City Chiefs,2019/12/15,12:00,Arrowhead Stadium,1 Arrowhead Dr.,Kansas City,MO,64129,110,https://www.vividseats.com/nfl/kansas-city-chiefs-tickets/chiefs-1-1-3002110.html
Los Angeles Chargers at Kansas City Chiefs,Los Angeles Chargers,Kansas City Chiefs,2019/12/29,12:00,Arrowhead Stadium,1 Arrowhead Dr.,Kansas City,MO,64129,70,https://www.vividseats.com/nfl/kansas-city-chiefs-tickets/chiefs-1-3-3002112.html
Pittsburgh Steelers at Los Angeles Chargers,Pittsburgh Steelers,Los Angeles Chargers,2019/10/13,17:20,Dignity Health Sports Park,18400 S Avalon Boulevard,Carson,CA,90747,220,https://www.vividseats.com/nfl/los-angeles-chargers-tickets/chargers-1-5-3001945.html
Green Bay Packers at Los Angeles Chargers,Green Bay Packers,Los Angeles Chargers,2019/11/3,13:25,Dignity Health Sports Park,18400 S Avalon Boulevard,Carson,CA,90747,266,https://www.vividseats.com/nfl/los-angeles-chargers-tickets/chargers-1-6-3001953.html
Minnesota Vikings at Los Angeles Chargers,Minnesota Vikings,Los Angeles Chargers,2019/12/15,17:20,Dignity Health Sports Park,18400 S Avalon Boulevard,Carson,CA,90747,126,https://www.vividseats.com/nfl/los-angeles-chargers-tickets/chargers-1-7-3001970.html
San Francisco 49ers at Los Angeles Rams,San Francisco 49ers,Los Angeles Rams,2019/10/13,13:05,Los Angeles Memorial Coliseum,3911 S. Figueroa St.,Los Angeles,CA,90037,53,https://www.vividseats.com/nfl/los-angeles-rams-tickets/rams-1-2-3001981.html
Chicago Bears at Los Angeles Rams,Chicago Bears,Los Angeles Rams,2019/11/17,17:20,Los Angeles Memorial Coliseum,3911 S. Figueroa St.,Los Angeles,CA,90037,74,https://www.vividseats.com/nfl/los-angeles-rams-tickets/rams-1-6-3001997.html
Baltimore Ravens at Los Angeles Rams,Baltimore Ravens,Los Angeles Rams,2019/11/25,17:15,Los Angeles Memorial Coliseum,3911 S. Figueroa St.,Los Angeles,CA,90037,30,https://www.vividseats.com/nfl/los-angeles-rams-tickets/rams-1-7-3002000.html
Seattle Seahawks at Los Angeles Rams,Seattle Seahawks,Los Angeles Rams,2019/12/8,17:20,Los Angeles Memorial Coliseum,3911 S. Figueroa St.,Los Angeles,CA,90037,35,https://www.vividseats.com/nfl/los-angeles-rams-tickets/rams-1-1-3001971.html
Arizona Cardinals at Los Angeles Rams,Arizona Cardinals,Los Angeles Rams,2019/12/29,13:25,Los Angeles Memorial Coliseum,3911 S. Figueroa St.,Los Angeles,CA,90037,21,https://www.vividseats.com/nfl/los-angeles-rams-tickets/rams-1-3-3001983.html
Washington Redskins at Miami Dolphins,Washington Redskins,Miami Dolphins,2019/10/13,13:00,Hard Rock Stadium,2269 NW 199th St.,Miami Gardens,FL,33056,18,https://www.vividseats.com/nfl/miami-dolphins-tickets/dolphins-1-8-3002057.html
New York Jets at Miami Dolphins,New York Jets,Miami Dolphins,2019/11/3,13:00,Hard Rock Stadium,2269 NW 199th St.,Miami Gardens,FL,33056,22,https://www.vividseats.com/nfl/miami-dolphins-tickets/dolphins-1-2-3002020.html
Buffalo Bills at Miami Dolphins,Buffalo Bills,Miami Dolphins,2019/11/17,13:00,Hard Rock Stadium,2269 NW 199th St.,Miami Gardens,FL,33056,26,https://www.vividseats.com/nfl/miami-dolphins-tickets/dolphins-1-1-3002018.html
Philadelphia Eagles at Miami Dolphins,Philadelphia Eagles,Miami Dolphins,2019/12/1,13:00,Hard Rock Stadium,2269 NW 199th St.,Miami Gardens,FL,33056,119,https://www.vividseats.com/nfl/miami-dolphins-tickets/dolphins-1-7-3002056.html
Cincinnati Bengals at Miami Dolphins,Cincinnati Bengals,Miami Dolphins,2019/12/22,13:00,Hard Rock Stadium,2269 NW 199th St.,Miami Gardens,FL,33056,18,https://www.vividseats.com/nfl/miami-dolphins-tickets/dolphins-1-5-3002031.html
Philadelphia Eagles at Minnesota Vikings,Philadelphia Eagles,Minnesota Vikings,2019/10/13,12:00,US Bank Stadium,900 S 5th St,Minneapolis,MN,55415,136,https://www.vividseats.com/nfl/minnesota-vikings-tickets/vikings-1-4-3002080.html
Washington Redskins at Minnesota Vikings,Washington Redskins,Minnesota Vikings,2019/10/24,19:20,US Bank Stadium,900 S 5th St,Minneapolis,MN,55415,64,https://www.vividseats.com/nfl/minnesota-vikings-tickets/vikings-1-5-3002082.html
Denver Broncos at Minnesota Vikings,Denver Broncos,Minnesota Vikings,2019/11/17,12:00,US Bank Stadium,900 S 5th St,Minneapolis,MN,55415,129,https://www.vividseats.com/nfl/minnesota-vikings-tickets/vikings-1-7-3002100.html
Detroit Lions at Minnesota Vikings,Detroit Lions,Minnesota Vikings,2019/12/8,12:00,US Bank Stadium,900 S 5th St,Minneapolis,MN,55415,67,https://www.vividseats.com/nfl/minnesota-vikings-tickets/vikings-1-2-3002077.html
Green Bay Packers at Minnesota Vikings,Green Bay Packers,Minnesota Vikings,2019/12/23,19:15,US Bank Stadium,900 S 5th St,Minneapolis,MN,55415,149,https://www.vividseats.com/nfl/minnesota-vikings-tickets/vikings-1-3-3002079.html
Chicago Bears at Minnesota Vikings,Chicago Bears,Minnesota Vikings,2019/12/29,12:00,US Bank Stadium,900 S 5th St,Minneapolis,MN,55415,107,https://www.vividseats.com/nfl/minnesota-vikings-tickets/vikings-1-1-3002072.html
Cleveland Browns at New England Patriots,Cleveland Browns,New England Patriots,2019/10/27,16:25,Gillette Stadium,1 Patriot Pl,Foxborough,MA,2035,265,https://www.vividseats.com/nfl/new-england-patriots-tickets/patriots-1-4-3002106.html
Dallas Cowboys at New England Patriots,Dallas Cowboys,New England Patriots,2019/11/24,16:25,Gillette Stadium,1 Patriot Pl,Foxborough,MA,2035,357,https://www.vividseats.com/nfl/new-england-patriots-tickets/patriots-1-7-3002109.html
Kansas City Chiefs at New England Patriots,Kansas City Chiefs,New England Patriots,2019/12/8,16:25,Gillette Stadium,1 Patriot Pl,Foxborough,MA,2035,280,https://www.vividseats.com/nfl/new-england-patriots-tickets/patriots-1-6-3002108.html
Miami Dolphins at New England Patriots,Miami Dolphins,New England Patriots,2019/12/29,13:00,Gillette Stadium,1 Patriot Pl,Foxborough,MA,2035,151,https://www.vividseats.com/nfl/new-england-patriots-tickets/patriots-1-3-3002105.html
Arizona Cardinals at New Orleans Saints,Arizona Cardinals,New Orleans Saints,2019/10/27,12:00,Mercedes-Benz Superdome,1500 Podyras St.,New Orleans,LA,70112,53,https://www.vividseats.com/nfl/new-orleans-saints-tickets/saints-1-4-3002134.html
Atlanta Falcons at New Orleans Saints,Atlanta Falcons,New Orleans Saints,2019/11/10,12:00,Mercedes-Benz Superdome,1500 Podyras St.,New Orleans,LA,70112,134,https://www.vividseats.com/nfl/new-orleans-saints-tickets/saints-1-2-3002131.html
Carolina Panthers at New Orleans Saints,Carolina Panthers,New Orleans Saints,2019/11/24,12:00,Mercedes-Benz Superdome,1500 Podyras St.,New Orleans,LA,70112,75,https://www.vividseats.com/nfl/new-orleans-saints-tickets/saints-1-1-3002129.html
San Francisco 49ers at New Orleans Saints,San Francisco 49ers,New Orleans Saints,2019/12/8,12:00,Mercedes-Benz Superdome,1500 Podyras St.,New Orleans,LA,70112,95,https://www.vividseats.com/nfl/new-orleans-saints-tickets/saints-1-5-3002136.html
Indianapolis Colts at New Orleans Saints,Indianapolis Colts,New Orleans Saints,2019/12/16,19:15,Mercedes-Benz Superdome,1500 Podyras St.,New Orleans,LA,70112,66,https://www.vividseats.com/nfl/new-orleans-saints-tickets/saints-1-7-3002139.html
Arizona Cardinals at New York Giants,Arizona Cardinals,New York Giants,2019/10/20,13:00,MetLife Stadium,1 MetLife Stadium Drive,East Rutherford,NJ,7073,64,https://www.vividseats.com/nfl/new-york-giants-tickets/giants-1-6-3002151.html
Dallas Cowboys at New York Giants,Dallas Cowboys,New York Giants,2019/11/4,20:15,MetLife Stadium,1 MetLife Stadium Drive,East Rutherford,NJ,7073,105,https://www.vividseats.com/nfl/new-york-giants-tickets/giants-1-1-3002142.html
Green Bay Packers at New York Giants,Green Bay Packers,New York Giants,2019/12/1,13:00,MetLife Stadium,1 MetLife Stadium Drive,East Rutherford,NJ,7073,99,https://www.vividseats.com/nfl/new-york-giants-tickets/giants-1-4-3002147.html
Miami Dolphins at New York Giants,Miami Dolphins,New York Giants,2019/12/15,13:00,MetLife Stadium,1 MetLife Stadium Drive,East Rutherford,NJ,7073,38,https://www.vividseats.com/nfl/new-york-giants-tickets/giants-1-8-3002159.html
Philadelphia Eagles at New York Giants,Philadelphia Eagles,New York Giants,2019/12/29,13:00,MetLife Stadium,1 MetLife Stadium Drive,East Rutherford,NJ,7073,70,https://www.vividseats.com/nfl/new-york-giants-tickets/giants-1-3-3002145.html
Dallas Cowboys at New York Jets,Dallas Cowboys,New York Jets,2019/10/13,16:25,MetLife Stadium,1 MetLife Stadium Drive,East Rutherford,NJ,7073,85,https://www.vividseats.com/nfl/new-york-jets-tickets/jets-1-7-3002173.html
New England Patriots at New York Jets,New England Patriots,New York Jets,2019/10/21,20:15,MetLife Stadium,1 MetLife Stadium Drive,East Rutherford,NJ,7073,46,https://www.vividseats.com/nfl/new-york-jets-tickets/jets-1-3-3002165.html
New York Giants at New York Jets,New York Giants,New York Jets,2019/11/10,13:00,MetLife Stadium,1 MetLife Stadium Drive,East Rutherford,NJ,7073,108,https://www.vividseats.com/nfl/new-york-jets-tickets/jets-1-8-3002176.html
Oakland Raiders at New York Jets,Oakland Raiders,New York Jets,2019/11/24,13:00,MetLife Stadium,1 MetLife Stadium Drive,East Rutherford,NJ,7073,27,https://www.vividseats.com/nfl/new-york-jets-tickets/jets-1-6-3002171.html
Miami Dolphins at New York Jets,Miami Dolphins,New York Jets,2019/12/8,13:00,MetLife Stadium,1 MetLife Stadium Drive,East Rutherford,NJ,7073,12,https://www.vividseats.com/nfl/new-york-jets-tickets/jets-1-2-3002163.html
Pittsburgh Steelers at New York Jets,Pittsburgh Steelers,New York Jets,2019/12/22,13:00,MetLife Stadium,1 MetLife Stadium Drive,East Rutherford,NJ,7073,44,https://www.vividseats.com/nfl/new-york-jets-tickets/jets-1-5-3002169.html
Detroit Lions at Oakland Raiders,Detroit Lions,Oakland Raiders,2019/11/3,13:05,Oakland Coliseum,7000 Coliseum Way,Oakland,CA,94621,60,https://www.vividseats.com/nfl/oakland-raiders-tickets/raiders-1-1-3001943.html
Los Angeles Chargers at Oakland Raiders,Los Angeles Chargers,Oakland Raiders,2019/11/7,17:20,Oakland Coliseum,7000 Coliseum Way,Oakland,CA,94621,50,https://www.vividseats.com/nfl/oakland-raiders-tickets/raiders-1-1-3001923.html
Cincinnati Bengals at Oakland Raiders,Cincinnati Bengals,Oakland Raiders,2019/11/17,13:25,Oakland Coliseum,7000 Coliseum Way,Oakland,CA,94621,50,https://www.vividseats.com/nfl/oakland-raiders-tickets/raiders-1-1-3001939.html
Tennessee Titans at Oakland Raiders,Tennessee Titans,Oakland Raiders,2019/12/8,13:25,Oakland Coliseum,7000 Coliseum Way,Oakland,CA,94621,43,https://www.vividseats.com/nfl/oakland-raiders-tickets/raiders-1-1-3001935.html
Jacksonville Jaguars at Oakland Raiders,Jacksonville Jaguars,Oakland Raiders,2019/12/15,13:05,Oakland Coliseum,7000 Coliseum Way,Oakland,CA,94621,98,https://www.vividseats.com/nfl/oakland-raiders-tickets/raiders-1-1-3001933.html
Chicago Bears at Philadelphia Eagles,Chicago Bears,Philadelphia Eagles,2019/11/3,13:00,Lincoln Financial Field,1 Lincoln Financial Field Way,Philadelphia,PA,19147,118,https://www.vividseats.com/nfl/philadelphia-eagles-tickets/eagles-1-1-3001992.html
New England Patriots at Philadelphia Eagles,New England Patriots,Philadelphia Eagles,2019/11/17,16:25,Lincoln Financial Field,1 Lincoln Financial Field Way,Philadelphia,PA,19147,205,https://www.vividseats.com/nfl/philadelphia-eagles-tickets/eagles-1-1-3002001.html
Seattle Seahawks at Philadelphia Eagles,Seattle Seahawks,Philadelphia Eagles,2019/11/24,20:20,Lincoln Financial Field,1 Lincoln Financial Field Way,Philadelphia,PA,19147,99,https://www.vividseats.com/nfl/philadelphia-eagles-tickets/eagles-1-1-3001998.html
New York Giants at Philadelphia Eagles,New York Giants,Philadelphia Eagles,2019/12/9,20:15,Lincoln Financial Field,1 Lincoln Financial Field Way,Philadelphia,PA,19147,99,https://www.vividseats.com/nfl/philadelphia-eagles-tickets/eagles-1-1-3001980.html
Dallas Cowboys at Philadelphia Eagles,Dallas Cowboys,Philadelphia Eagles,2019/12/22,16:25,Lincoln Financial Field,1 Lincoln Financial Field Way,Philadelphia,PA,19147,133,https://www.vividseats.com/nfl/philadelphia-eagles-tickets/eagles-1-1-3001955.html
Miami Dolphins at Pittsburgh Steelers,Miami Dolphins,Pittsburgh Steelers,2019/10/28,20:15,Heinz Field,100 Art Rooney Avenue,Pittsburgh,PA,15212,43,https://www.vividseats.com/nfl/pittsburgh-steelers-tickets/steelers-1-1-3002058.html
Indianapolis Colts at Pittsburgh Steelers,Indianapolis Colts,Pittsburgh Steelers,2019/11/3,13:00,Heinz Field,100 Art Rooney Avenue,Pittsburgh,PA,15212,67,https://www.vividseats.com/nfl/pittsburgh-steelers-tickets/steelers-1-1-3002068.html
Los Angeles Rams at Pittsburgh Steelers,Los Angeles Rams,Pittsburgh Steelers,2019/11/10,16:25,Heinz Field,100 Art Rooney Avenue,Pittsburgh,PA,15212,70,https://www.vividseats.com/nfl/pittsburgh-steelers-tickets/steelers-1-1-3002078.html
Cleveland Browns at Pittsburgh Steelers,Cleveland Browns,Pittsburgh Steelers,2019/12/1,16:25,Heinz Field,100 Art Rooney Avenue,Pittsburgh,PA,15212,61,https://www.vividseats.com/nfl/pittsburgh-steelers-tickets/steelers-1-1-3002033.html
Buffalo Bills at Pittsburgh Steelers,Buffalo Bills,Pittsburgh Steelers,2019/12/15,13:00,Heinz Field,100 Art Rooney Avenue,Pittsburgh,PA,15212,59,https://www.vividseats.com/nfl/pittsburgh-steelers-tickets/steelers-1-1-3002047.html
Carolina Panthers at San Francisco 49ers,Carolina Panthers,San Francisco 49ers,2019/10/27,13:05,Levi's Stadium,4900 Centennial Blvd,Santa Clara,CA,95054,64,https://www.vividseats.com/nfl/san-francisco-49ers-tickets/49ers-1-5-3002121.html
Seattle Seahawks at San Francisco 49ers,Seattle Seahawks,San Francisco 49ers,2019/11/11,17:15,Levi's Stadium,4900 Centennial Blvd,Santa Clara,CA,95054,67,https://www.vividseats.com/nfl/san-francisco-49ers-tickets/49ers-1-1-3002099.html
Arizona Cardinals at San Francisco 49ers,Arizona Cardinals,San Francisco 49ers,2019/11/17,13:05,Levi's Stadium,4900 Centennial Blvd,Santa Clara,CA,95054,49,https://www.vividseats.com/nfl/san-francisco-49ers-tickets/49ers-1-3-3002119.html
Green Bay Packers at San Francisco 49ers,Green Bay Packers,San Francisco 49ers,2019/11/24,13:25,Levi's Stadium,4900 Centennial Blvd,Santa Clara,CA,95054,128,https://www.vividseats.com/nfl/san-francisco-49ers-tickets/49ers-1-6-3002124.html
Atlanta Falcons at San Francisco 49ers,Atlanta Falcons,San Francisco 49ers,2019/12/15,13:25,Levi's Stadium,4900 Centennial Blvd,Santa Clara,CA,95054,48,https://www.vividseats.com/nfl/san-francisco-49ers-tickets/49ers-1-4-3002120.html
Baltimore Ravens at Seattle Seahawks,Baltimore Ravens,Seattle Seahawks,2019/10/20,13:25,CenturyLink Field,800 Occidental Ave S,Seattle,WA,98134,160,https://www.vividseats.com/nfl/seattle-seahawks-tickets/seahawks-1-8-3002160.html
Tampa Bay Buccaneers at Seattle Seahawks,Tampa Bay Buccaneers,Seattle Seahawks,2019/11/3,13:05,CenturyLink Field,800 Occidental Ave S,Seattle,WA,98134,125,https://www.vividseats.com/nfl/seattle-seahawks-tickets/seahawks-1-5-3002141.html
Minnesota Vikings at Seattle Seahawks,Minnesota Vikings,Seattle Seahawks,2019/12/2,17:15,CenturyLink Field,800 Occidental Ave S,Seattle,WA,98134,112,https://www.vividseats.com/nfl/seattle-seahawks-tickets/seahawks-1-6-3002143.html
Arizona Cardinals at Seattle Seahawks,Arizona Cardinals,Seattle Seahawks,2019/12/22,13:25,CenturyLink Field,800 Occidental Ave S,Seattle,WA,98134,88,https://www.vividseats.com/nfl/seattle-seahawks-tickets/seahawks-1-3-3002135.html
San Francisco 49ers at Seattle Seahawks,San Francisco 49ers,Seattle Seahawks,2019/12/29,13:25,CenturyLink Field,800 Occidental Ave S,Seattle,WA,98134,139,https://www.vividseats.com/nfl/seattle-seahawks-tickets/seahawks-1-1-3002128.html
Arizona Cardinals at Tampa Bay Buccaneers,Arizona Cardinals,Tampa Bay Buccaneers,2019/11/10,13:00,Raymond James Stadium,4201 North Dale Mabry Highway,Tampa,FL,33607,36,https://www.vividseats.com/nfl/tampa-bay-buccaneers-tickets/buccaneers-1-1-3002167.html
New Orleans Saints at Tampa Bay Buccaneers,New Orleans Saints,Tampa Bay Buccaneers,2019/11/17,13:00,Raymond James Stadium,4201 North Dale Mabry Highway,Tampa,FL,33607,48,https://www.vividseats.com/nfl/tampa-bay-buccaneers-tickets/buccaneers-1-2-3002174.html
Indianapolis Colts at Tampa Bay Buccaneers,Indianapolis Colts,Tampa Bay Buccaneers,2019/12/8,13:00,Raymond James Stadium,4201 North Dale Mabry Highway,Tampa,FL,33607,38,https://www.vividseats.com/nfl/tampa-bay-buccaneers-tickets/buccaneers-1-6-3002195.html
Atlanta Falcons at Tampa Bay Buccaneers,Atlanta Falcons,Tampa Bay Buccaneers,2019/12/29,13:00,Raymond James Stadium,4201 North Dale Mabry Highway,Tampa,FL,33607,42,https://www.vividseats.com/nfl/tampa-bay-buccaneers-tickets/buccaneers-1-3-3002179.html
Los Angeles Chargers at Tennessee Titans,Los Angeles Chargers,Tennessee Titans,2019/10/20,15:05,Nissan Stadium,One Titans Way,Nashville,TN,37213,46,https://www.vividseats.com/nfl/tennessee-titans-tickets/titans-1-4-3002215.html
Tampa Bay Buccaneers at Tennessee Titans,Tampa Bay Buccaneers,Tennessee Titans,2019/10/27,12:00,Nissan Stadium,One Titans Way,Nashville,TN,37213,39,https://www.vividseats.com/nfl/tennessee-titans-tickets/titans-1-7-3002224.html
Kansas City Chiefs at Tennessee Titans,Kansas City Chiefs,Tennessee Titans,2019/11/10,12:00,Nissan Stadium,One Titans Way,Nashville,TN,37213,111,https://www.vividseats.com/nfl/tennessee-titans-tickets/titans-1-5-3002219.html
Jacksonville Jaguars at Tennessee Titans,Jacksonville Jaguars,Tennessee Titans,2019/11/24,15:05,Nissan Stadium,One Titans Way,Nashville,TN,37213,30,https://www.vividseats.com/nfl/tennessee-titans-tickets/titans-1-1-3002206.html
Houston Texans at Tennessee Titans,Houston Texans,Tennessee Titans,2019/12/15,12:00,Nissan Stadium,One Titans Way,Nashville,TN,37213,33,https://www.vividseats.com/nfl/tennessee-titans-tickets/titans-1-3-3002211.html
New Orleans Saints at Tennessee Titans,New Orleans Saints,Tennessee Titans,2019/12/22,12:00,Nissan Stadium,One Titans Way,Nashville,TN,37213,52,https://www.vividseats.com/nfl/tennessee-titans-tickets/titans-1-8-3002226.html
San Francisco 49ers at Washington Redskins,San Francisco 49ers,Washington Redskins,2019/10/20,13:00,FedExField,1600 FedEx Way,Landover,MD,20785,31,https://www.vividseats.com/nfl/washington-redskins-tickets/redskins-1-6-3002236.html
New York Jets at Washington Redskins,New York Jets,Washington Redskins,2019/11/17,13:00,FedExField,1600 FedEx Way,Landover,MD,20785,18,https://www.vividseats.com/nfl/washington-redskins-tickets/redskins-1-8-3002241.html
Detroit Lions at Washington Redskins,Detroit Lions,Washington Redskins,2019/11/24,13:00,FedExField,1600 FedEx Way,Landover,MD,20785,17,https://www.vividseats.com/nfl/washington-redskins-tickets/redskins-1-5-3002235.html
Philadelphia Eagles at Washington Redskins,Philadelphia Eagles,Washington Redskins,2019/12/15,13:00,FedExField,1600 FedEx Way,Landover,MD,20785,42,https://www.vividseats.com/nfl/washington-redskins-tickets/redskins-1-3-3002233.html
New York Giants at Washington Redskins,New York Giants,Washington Redskins,2019/12/22,13:00,FedExField,1600 FedEx Way,Landover,MD,20785,27,https://www.vividseats.com/nfl/washington-redskins-tickets/redskins-1-2-3002230.html
